11/21/2025 03:50:37 AM INFO:com_train_dir set to: ./COM/train_results/
11/21/2025 03:50:37 AM INFO:com_predict_dir set to: ./COM/predict_results/
11/21/2025 03:50:37 AM INFO:com_file set to: ./COM/predict_results/com3d.mat
11/21/2025 03:50:37 AM INFO:com_predict_weights set to: /home/haonan/proj/dannce-release_dev2/demo/sh_test/COM/train_results/weights.170-0.00036.hdf5
11/21/2025 03:50:37 AM INFO:dannce_train_dir set to: ./DANNCE/train_results/AVG/
11/21/2025 03:50:37 AM INFO:dannce_predict_dir set to: ./DANNCE/predict_results/
11/21/2025 03:50:37 AM INFO:gpu_id set to: 2,3
11/21/2025 03:50:37 AM INFO:verbose set to: 1
11/21/2025 03:50:37 AM INFO:exp set to: [{'label3d_file': '/home/haonan/proj/dannce-release_dev2/demo/sh_test/sh_dannce.mat'}]
11/21/2025 03:50:37 AM INFO:io_config set to: io.yaml
11/21/2025 03:50:37 AM INFO:new_n_channels_out set to: 22
11/21/2025 03:50:37 AM INFO:batch_size set to: 4
11/21/2025 03:50:37 AM INFO:epochs set to: 500
11/21/2025 03:50:37 AM INFO:net_type set to: AVG
11/21/2025 03:50:37 AM INFO:train_mode set to: finetune
11/21/2025 03:50:37 AM INFO:num_validation_per_exp set to: 30
11/21/2025 03:50:37 AM INFO:vol_size set to: 180
11/21/2025 03:50:37 AM INFO:nvox set to: 112
11/21/2025 03:50:37 AM INFO:max_num_samples set to: max
11/21/2025 03:50:37 AM INFO:dannce_finetune_weights set to: ./DANNCE/weights/weights.rat.MAX/
11/21/2025 03:50:37 AM INFO:log_level set to: DEBUG
11/21/2025 03:50:37 AM INFO:base_config set to: /home/haonan/proj/dannce-release_dev2/configs/dannce_mouse_config.yaml
11/21/2025 03:50:37 AM INFO:viddir set to: videos
11/21/2025 03:50:37 AM INFO:crop_height set to: None
11/21/2025 03:50:37 AM INFO:crop_width set to: None
11/21/2025 03:50:37 AM INFO:camnames set to: None
11/21/2025 03:50:37 AM INFO:n_channels_out set to: 20
11/21/2025 03:50:37 AM INFO:sigma set to: 10
11/21/2025 03:50:37 AM INFO:net set to: None
11/21/2025 03:50:37 AM INFO:immode set to: vid
11/21/2025 03:50:37 AM INFO:mono set to: False
11/21/2025 03:50:37 AM INFO:mirror set to: False
11/21/2025 03:50:37 AM INFO:norm_method set to: layer
11/21/2025 03:50:37 AM INFO:log_dest set to: ../../logs/dannce_Nov21_2025.log
11/21/2025 03:50:37 AM INFO:start_batch set to: 0
11/21/2025 03:50:37 AM INFO:start_sample set to: None
11/21/2025 03:50:37 AM INFO:com_fromlabels set to: False
11/21/2025 03:50:37 AM INFO:medfilt_window set to: None
11/21/2025 03:50:37 AM INFO:new_last_kernel_size set to: [3, 3, 3]
11/21/2025 03:50:37 AM INFO:n_layers_locked set to: 2
11/21/2025 03:50:37 AM INFO:vmin set to: None
11/21/2025 03:50:37 AM INFO:vmax set to: None
11/21/2025 03:50:37 AM INFO:interp set to: nearest
11/21/2025 03:50:37 AM INFO:depth set to: False
11/21/2025 03:50:37 AM INFO:comthresh set to: 0
11/21/2025 03:50:37 AM INFO:weighted set to: False
11/21/2025 03:50:37 AM INFO:com_method set to: median
11/21/2025 03:50:37 AM INFO:cthresh set to: None
11/21/2025 03:50:37 AM INFO:channel_combo set to: None
11/21/2025 03:50:37 AM INFO:predict_mode set to: torch
11/21/2025 03:50:37 AM INFO:n_views set to: 6
11/21/2025 03:50:37 AM INFO:dannce_predict_model set to: None
11/21/2025 03:50:37 AM INFO:expval set to: None
11/21/2025 03:50:37 AM INFO:from_weights set to: None
11/21/2025 03:50:37 AM INFO:write_npy set to: None
11/21/2025 03:50:37 AM INFO:loss set to: mask_nan_keep_loss
11/21/2025 03:50:37 AM INFO:n_channels_in set to: None
11/21/2025 03:50:37 AM INFO:extension set to: None
11/21/2025 03:50:37 AM INFO:vid_dir_flag set to: None
11/21/2025 03:50:37 AM INFO:num_train_per_exp set to: None
11/21/2025 03:50:37 AM INFO:chunks set to: None
11/21/2025 03:50:37 AM INFO:lockfirst set to: None
11/21/2025 03:50:37 AM INFO:load_valid set to: None
11/21/2025 03:50:37 AM INFO:augment_hue set to: False
11/21/2025 03:50:37 AM INFO:augment_brightness set to: False
11/21/2025 03:50:37 AM INFO:augment_hue_val set to: 0.05
11/21/2025 03:50:37 AM INFO:augment_bright_val set to: 0.05
11/21/2025 03:50:37 AM INFO:augment_rotation_val set to: 5
11/21/2025 03:50:37 AM INFO:mirror_augmentation set to: False
11/21/2025 03:50:37 AM INFO:right_keypoints set to: None
11/21/2025 03:50:37 AM INFO:left_keypoints set to: None
11/21/2025 03:50:37 AM INFO:drop_landmark set to: None
11/21/2025 03:50:37 AM INFO:raw_im_h set to: None
11/21/2025 03:50:37 AM INFO:raw_im_w set to: None
11/21/2025 03:50:37 AM INFO:n_instances set to: 1
11/21/2025 03:50:37 AM INFO:use_npy set to: False
11/21/2025 03:50:37 AM INFO:data_split_seed set to: None
11/21/2025 03:50:37 AM INFO:valid_exp set to: None
11/21/2025 03:50:37 AM INFO:slurm_config set to: None
11/21/2025 03:50:37 AM INFO:metric set to: ['euclidean_distance_3D']
11/21/2025 03:50:37 AM INFO:lr set to: 0.001
11/21/2025 03:50:37 AM INFO:rotate set to: True
11/21/2025 03:50:37 AM INFO:augment_continuous_rotation set to: False
11/21/2025 03:50:37 AM INFO:com_thresh set to: None
11/21/2025 03:50:37 AM INFO:cam3_train set to: None
11/21/2025 03:50:37 AM INFO:debug_volume_tifdir set to: None
11/21/2025 03:50:37 AM INFO:downfac set to: None
11/21/2025 03:50:37 AM INFO:dannce_predict_vol_tifdir set to: None
11/21/2025 03:50:37 AM INFO:n_rand_views set to: 0
11/21/2025 03:50:37 AM INFO:rand_view_replace set to: True
11/21/2025 03:50:37 AM INFO:multi_gpu_train set to: False
11/21/2025 03:50:37 AM INFO:heatmap_reg set to: False
11/21/2025 03:50:37 AM INFO:heatmap_reg_coeff set to: 0.01
11/21/2025 03:50:37 AM INFO:save_pred_targets set to: False
11/21/2025 03:50:37 AM INFO:huber-delta set to: 1.35
11/21/2025 03:50:37 AM INFO:avg+max set to: None
11/21/2025 03:50:37 AM DEBUG:dannce.engine.preprocessing.py.grab_predict_label3d_file Using the following *dannce.mat files: ./sh_dannce.mat
11/21/2025 03:50:38 AM INFO:dannce.engine.preprocessing.py.print_and_set Setting vid_dir_flag to True.
11/21/2025 03:50:38 AM INFO:dannce.engine.preprocessing.py.print_and_set Setting extension to .mp4.
11/21/2025 03:50:38 AM INFO:dannce.engine.preprocessing.py.print_and_set Setting chunks to {'Camera1': array([0]), 'Camera2': array([0]), 'Camera3': array([0]), 'Camera4': array([0]), 'Camera5': array([0]), 'Camera6': array([0])}.
11/21/2025 03:50:38 AM INFO:dannce.engine.preprocessing.py.print_and_set Setting n_channels_in to 3.
11/21/2025 03:50:38 AM INFO:dannce.engine.preprocessing.py.print_and_set Setting raw_im_h to 1080.
11/21/2025 03:50:38 AM INFO:dannce.engine.preprocessing.py.print_and_set Setting raw_im_w to 1920.
11/21/2025 03:50:38 AM INFO:dannce.engine.preprocessing.py.print_and_set Setting expval to True.
11/21/2025 03:50:38 AM INFO:dannce.engine.preprocessing.py.print_and_set Setting net to finetune_AVG.
11/21/2025 03:50:38 AM INFO:dannce.engine.preprocessing.py.print_and_set Setting crop_height to [0, 1080].
11/21/2025 03:50:38 AM INFO:dannce.engine.preprocessing.py.print_and_set Setting crop_width to [0, 1920].
11/21/2025 03:50:38 AM INFO:dannce.engine.preprocessing.py.print_and_set Setting maxbatch to max.
11/21/2025 03:50:38 AM INFO:dannce.engine.preprocessing.py.print_and_set Setting start_batch to 0.
11/21/2025 03:50:38 AM INFO:dannce.engine.preprocessing.py.print_and_set Setting vmin to -90.0.
11/21/2025 03:50:38 AM INFO:dannce.engine.preprocessing.py.print_and_set Setting vmax to 90.0.
11/21/2025 03:50:38 AM DEBUG:dannce.engine.preprocessing.py.grab_predict_label3d_file Using the following *dannce.mat files: ./sh_dannce.mat
11/21/2025 03:50:38 AM INFO:dannce.interface.setup_dannce_predict Using torch predict mode
11/21/2025 03:50:38 AM INFO:dannce.interface.setup_dannce_predict Using camnames: ['Camera1', 'Camera2', 'Camera3', 'Camera4', 'Camera5', 'Camera6']
11/21/2025 03:50:51 AM INFO:com_train_dir set to: ./COM/train_results/
11/21/2025 03:50:51 AM INFO:com_predict_dir set to: ./COM/predict_results/
11/21/2025 03:50:51 AM INFO:com_file set to: ./COM/predict_results/com3d.mat
11/21/2025 03:50:51 AM INFO:com_predict_weights set to: /home/haonan/proj/dannce-release_dev2/demo/sh_test/COM/train_results/weights.170-0.00036.hdf5
11/21/2025 03:50:51 AM INFO:dannce_train_dir set to: ./DANNCE/train_results/AVG/
11/21/2025 03:50:51 AM INFO:dannce_predict_dir set to: ./DANNCE/predict_results/
11/21/2025 03:50:51 AM INFO:gpu_id set to: 2,3
11/21/2025 03:50:51 AM INFO:verbose set to: 1
11/21/2025 03:50:51 AM INFO:exp set to: [{'label3d_file': '/home/haonan/proj/dannce-release_dev2/demo/sh_test/sh_dannce.mat'}]
11/21/2025 03:50:51 AM INFO:io_config set to: io.yaml
11/21/2025 03:50:51 AM INFO:new_n_channels_out set to: 22
11/21/2025 03:50:51 AM INFO:batch_size set to: 4
11/21/2025 03:50:51 AM INFO:epochs set to: 500
11/21/2025 03:50:51 AM INFO:net_type set to: AVG
11/21/2025 03:50:51 AM INFO:train_mode set to: finetune
11/21/2025 03:50:51 AM INFO:num_validation_per_exp set to: 30
11/21/2025 03:50:51 AM INFO:vol_size set to: 180
11/21/2025 03:50:51 AM INFO:nvox set to: 112
11/21/2025 03:50:51 AM INFO:max_num_samples set to: 10000
11/21/2025 03:50:51 AM INFO:dannce_finetune_weights set to: ./DANNCE/weights/weights.rat.MAX/
11/21/2025 03:50:51 AM INFO:log_level set to: DEBUG
11/21/2025 03:50:51 AM INFO:base_config set to: /home/haonan/proj/dannce-release_dev2/configs/dannce_mouse_config.yaml
11/21/2025 03:50:51 AM INFO:viddir set to: videos
11/21/2025 03:50:51 AM INFO:crop_height set to: None
11/21/2025 03:50:51 AM INFO:crop_width set to: None
11/21/2025 03:50:51 AM INFO:camnames set to: None
11/21/2025 03:50:51 AM INFO:n_channels_out set to: 20
11/21/2025 03:50:51 AM INFO:sigma set to: 10
11/21/2025 03:50:51 AM INFO:net set to: None
11/21/2025 03:50:51 AM INFO:immode set to: vid
11/21/2025 03:50:51 AM INFO:mono set to: False
11/21/2025 03:50:51 AM INFO:mirror set to: False
11/21/2025 03:50:51 AM INFO:norm_method set to: layer
11/21/2025 03:50:51 AM INFO:log_dest set to: ../../logs/dannce_Nov21_2025.log
11/21/2025 03:50:51 AM INFO:start_batch set to: 0
11/21/2025 03:50:51 AM INFO:start_sample set to: None
11/21/2025 03:50:51 AM INFO:com_fromlabels set to: False
11/21/2025 03:50:51 AM INFO:medfilt_window set to: None
11/21/2025 03:50:51 AM INFO:new_last_kernel_size set to: [3, 3, 3]
11/21/2025 03:50:51 AM INFO:n_layers_locked set to: 2
11/21/2025 03:50:51 AM INFO:vmin set to: None
11/21/2025 03:50:51 AM INFO:vmax set to: None
11/21/2025 03:50:51 AM INFO:interp set to: nearest
11/21/2025 03:50:51 AM INFO:depth set to: False
11/21/2025 03:50:51 AM INFO:comthresh set to: 0
11/21/2025 03:50:51 AM INFO:weighted set to: False
11/21/2025 03:50:51 AM INFO:com_method set to: median
11/21/2025 03:50:51 AM INFO:cthresh set to: None
11/21/2025 03:50:51 AM INFO:channel_combo set to: None
11/21/2025 03:50:51 AM INFO:predict_mode set to: torch
11/21/2025 03:50:51 AM INFO:n_views set to: 6
11/21/2025 03:50:51 AM INFO:dannce_predict_model set to: None
11/21/2025 03:50:51 AM INFO:expval set to: None
11/21/2025 03:50:51 AM INFO:from_weights set to: None
11/21/2025 03:50:51 AM INFO:write_npy set to: None
11/21/2025 03:50:51 AM INFO:loss set to: mask_nan_keep_loss
11/21/2025 03:50:51 AM INFO:n_channels_in set to: None
11/21/2025 03:50:51 AM INFO:extension set to: None
11/21/2025 03:50:51 AM INFO:vid_dir_flag set to: None
11/21/2025 03:50:51 AM INFO:num_train_per_exp set to: None
11/21/2025 03:50:51 AM INFO:chunks set to: None
11/21/2025 03:50:51 AM INFO:lockfirst set to: None
11/21/2025 03:50:51 AM INFO:load_valid set to: None
11/21/2025 03:50:51 AM INFO:augment_hue set to: False
11/21/2025 03:50:51 AM INFO:augment_brightness set to: False
11/21/2025 03:50:51 AM INFO:augment_hue_val set to: 0.05
11/21/2025 03:50:51 AM INFO:augment_bright_val set to: 0.05
11/21/2025 03:50:51 AM INFO:augment_rotation_val set to: 5
11/21/2025 03:50:51 AM INFO:mirror_augmentation set to: False
11/21/2025 03:50:51 AM INFO:right_keypoints set to: None
11/21/2025 03:50:51 AM INFO:left_keypoints set to: None
11/21/2025 03:50:51 AM INFO:drop_landmark set to: None
11/21/2025 03:50:51 AM INFO:raw_im_h set to: None
11/21/2025 03:50:51 AM INFO:raw_im_w set to: None
11/21/2025 03:50:51 AM INFO:n_instances set to: 1
11/21/2025 03:50:51 AM INFO:use_npy set to: False
11/21/2025 03:50:51 AM INFO:data_split_seed set to: None
11/21/2025 03:50:51 AM INFO:valid_exp set to: None
11/21/2025 03:50:51 AM INFO:slurm_config set to: None
11/21/2025 03:50:51 AM INFO:metric set to: ['euclidean_distance_3D']
11/21/2025 03:50:51 AM INFO:lr set to: 0.001
11/21/2025 03:50:51 AM INFO:rotate set to: True
11/21/2025 03:50:51 AM INFO:augment_continuous_rotation set to: False
11/21/2025 03:50:51 AM INFO:com_thresh set to: None
11/21/2025 03:50:51 AM INFO:cam3_train set to: None
11/21/2025 03:50:51 AM INFO:debug_volume_tifdir set to: None
11/21/2025 03:50:51 AM INFO:downfac set to: None
11/21/2025 03:50:51 AM INFO:dannce_predict_vol_tifdir set to: None
11/21/2025 03:50:51 AM INFO:n_rand_views set to: 0
11/21/2025 03:50:51 AM INFO:rand_view_replace set to: True
11/21/2025 03:50:51 AM INFO:multi_gpu_train set to: False
11/21/2025 03:50:51 AM INFO:heatmap_reg set to: False
11/21/2025 03:50:51 AM INFO:heatmap_reg_coeff set to: 0.01
11/21/2025 03:50:51 AM INFO:save_pred_targets set to: False
11/21/2025 03:50:51 AM INFO:huber-delta set to: 1.35
11/21/2025 03:50:51 AM INFO:avg+max set to: None
11/21/2025 03:50:51 AM DEBUG:dannce.engine.preprocessing.py.grab_predict_label3d_file Using the following *dannce.mat files: ./sh_dannce.mat
11/21/2025 03:50:53 AM INFO:dannce.engine.preprocessing.py.print_and_set Setting vid_dir_flag to True.
11/21/2025 03:50:53 AM INFO:dannce.engine.preprocessing.py.print_and_set Setting extension to .mp4.
11/21/2025 03:50:53 AM INFO:dannce.engine.preprocessing.py.print_and_set Setting chunks to {'Camera1': array([0]), 'Camera2': array([0]), 'Camera3': array([0]), 'Camera4': array([0]), 'Camera5': array([0]), 'Camera6': array([0])}.
11/21/2025 03:50:53 AM INFO:dannce.engine.preprocessing.py.print_and_set Setting n_channels_in to 3.
11/21/2025 03:50:53 AM INFO:dannce.engine.preprocessing.py.print_and_set Setting raw_im_h to 1080.
11/21/2025 03:50:53 AM INFO:dannce.engine.preprocessing.py.print_and_set Setting raw_im_w to 1920.
11/21/2025 03:50:53 AM INFO:dannce.engine.preprocessing.py.print_and_set Setting expval to True.
11/21/2025 03:50:53 AM INFO:dannce.engine.preprocessing.py.print_and_set Setting net to finetune_AVG.
11/21/2025 03:50:53 AM INFO:dannce.engine.preprocessing.py.print_and_set Setting crop_height to [0, 1080].
11/21/2025 03:50:53 AM INFO:dannce.engine.preprocessing.py.print_and_set Setting crop_width to [0, 1920].
11/21/2025 03:50:53 AM INFO:dannce.engine.preprocessing.py.print_and_set Setting maxbatch to 2500.
11/21/2025 03:50:53 AM INFO:dannce.engine.preprocessing.py.print_and_set Setting start_batch to 0.
11/21/2025 03:50:53 AM INFO:dannce.engine.preprocessing.py.print_and_set Setting vmin to -90.0.
11/21/2025 03:50:53 AM INFO:dannce.engine.preprocessing.py.print_and_set Setting vmax to 90.0.
11/21/2025 03:50:53 AM DEBUG:dannce.engine.preprocessing.py.grab_predict_label3d_file Using the following *dannce.mat files: ./sh_dannce.mat
11/21/2025 03:50:53 AM INFO:dannce.interface.setup_dannce_predict Using torch predict mode
11/21/2025 03:50:53 AM INFO:dannce.interface.setup_dannce_predict Using camnames: ['Camera1', 'Camera2', 'Camera3', 'Camera4', 'Camera5', 'Camera6']
11/21/2025 03:50:56 AM INFO:dannce.interface.do_COM_load Experiment 0 using com3d: ./COM/predict_results/com3d.mat
11/21/2025 03:50:56 AM INFO:dannce.interface.do_COM_load Removed 0 samples from the dataset because they either had COM positions over cthresh, or did not have matching sampleIDs in the COM file
11/21/2025 03:50:56 AM INFO:dannce.interface.write_com_file Saving 3D COM to ./DANNCE/predict_results/com3d_used.mat
11/21/2025 03:50:56 AM INFO:None
11/21/2025 03:51:01 AM INFO:dannce.engine.generator.DataGenerator_3Dconv_torch.__init__Executing eagerly: True
11/21/2025 03:51:01 AM INFO:dannce.engine.generator.DataGenerator_3Dconv_torch.__init__Init took 5.13691782951355 sec.
11/21/2025 03:51:01 AM INFO:dannce.interface.build_model Initializing Network...
11/21/2025 03:51:01 AM INFO:dannce.interface.build_model Loading model from ./DANNCE/train_results/AVG/weights.482-5.49394.hdf5
11/21/2025 03:51:01 AM DEBUG:Creating converter from 3 to 5
11/21/2025 03:51:03 AM DEBUG:Predicting on batch 0
11/21/2025 03:51:03 AM INFO:dannce.engine.video.LoadVideoFrame.load_vid_frame Loading new video: 0.mp4 for 0_Camera1
11/21/2025 03:51:03 AM INFO:dannce.engine.video.LoadVideoFrame.load_vid_frame Loading new video: 0.mp4 for 0_Camera3
11/21/2025 03:51:03 AM INFO:dannce.engine.video.LoadVideoFrame.load_vid_frame Loading new video: 0.mp4 for 0_Camera6
11/21/2025 03:51:03 AM INFO:dannce.engine.video.LoadVideoFrame.load_vid_frame Loading new video: 0.mp4 for 0_Camera5
11/21/2025 03:51:03 AM INFO:dannce.engine.video.LoadVideoFrame.load_vid_frame Loading new video: 0.mp4 for 0_Camera2
11/21/2025 03:51:03 AM INFO:dannce.engine.video.LoadVideoFrame.load_vid_frame Loading new video: 0.mp4 for 0_Camera4
11/21/2025 03:51:24 AM DEBUG:Predicting on batch 1
11/21/2025 03:51:28 AM DEBUG:Predicting on batch 2
11/21/2025 03:51:31 AM DEBUG:Predicting on batch 3
11/21/2025 03:51:35 AM DEBUG:Predicting on batch 4
11/21/2025 03:51:39 AM DEBUG:Predicting on batch 5
11/21/2025 03:51:42 AM DEBUG:Predicting on batch 6
11/21/2025 03:51:46 AM DEBUG:Predicting on batch 7
11/21/2025 03:51:50 AM DEBUG:Predicting on batch 8
11/21/2025 03:51:53 AM DEBUG:Predicting on batch 9
11/21/2025 03:51:57 AM DEBUG:Predicting on batch 10
11/21/2025 03:51:57 AM DEBUG:10
11/21/2025 03:51:57 AM DEBUG:10 batches took 53.644827365875244 seconds
11/21/2025 03:52:00 AM DEBUG:Predicting on batch 11
11/21/2025 03:52:04 AM DEBUG:Predicting on batch 12
11/21/2025 03:52:07 AM DEBUG:Predicting on batch 13
11/21/2025 03:52:11 AM DEBUG:Predicting on batch 14
11/21/2025 03:52:14 AM DEBUG:Predicting on batch 15
11/21/2025 03:52:18 AM DEBUG:Predicting on batch 16
11/21/2025 03:52:21 AM DEBUG:Predicting on batch 17
11/21/2025 03:52:25 AM DEBUG:Predicting on batch 18
11/21/2025 03:52:28 AM DEBUG:Predicting on batch 19
11/21/2025 03:52:32 AM DEBUG:Predicting on batch 20
11/21/2025 03:52:32 AM DEBUG:20
11/21/2025 03:52:32 AM DEBUG:10 batches took 35.22149443626404 seconds
11/21/2025 03:52:35 AM DEBUG:Predicting on batch 21
11/21/2025 03:52:39 AM DEBUG:Predicting on batch 22
11/21/2025 03:52:42 AM DEBUG:Predicting on batch 23
11/21/2025 03:52:46 AM DEBUG:Predicting on batch 24
11/21/2025 03:52:49 AM DEBUG:Predicting on batch 25
11/21/2025 03:52:53 AM DEBUG:Predicting on batch 26
11/21/2025 03:52:56 AM DEBUG:Predicting on batch 27
11/21/2025 03:53:00 AM DEBUG:Predicting on batch 28
11/21/2025 03:53:04 AM DEBUG:Predicting on batch 29
11/21/2025 03:53:07 AM DEBUG:Predicting on batch 30
11/21/2025 03:53:07 AM DEBUG:30
11/21/2025 03:53:07 AM DEBUG:10 batches took 35.455440044403076 seconds
11/21/2025 03:53:11 AM DEBUG:Predicting on batch 31
11/21/2025 03:53:14 AM DEBUG:Predicting on batch 32
11/21/2025 03:53:18 AM DEBUG:Predicting on batch 33
11/21/2025 03:53:21 AM DEBUG:Predicting on batch 34
11/21/2025 03:53:25 AM DEBUG:Predicting on batch 35
11/21/2025 03:53:28 AM DEBUG:Predicting on batch 36
11/21/2025 03:53:32 AM DEBUG:Predicting on batch 37
11/21/2025 03:53:35 AM DEBUG:Predicting on batch 38
11/21/2025 03:53:39 AM DEBUG:Predicting on batch 39
11/21/2025 03:53:42 AM DEBUG:Predicting on batch 40
11/21/2025 03:53:42 AM DEBUG:40
11/21/2025 03:53:42 AM DEBUG:10 batches took 35.034857988357544 seconds
11/21/2025 03:53:46 AM DEBUG:Predicting on batch 41
11/21/2025 03:53:49 AM DEBUG:Predicting on batch 42
11/21/2025 03:53:53 AM DEBUG:Predicting on batch 43
11/21/2025 03:53:57 AM DEBUG:Predicting on batch 44
11/21/2025 03:54:00 AM DEBUG:Predicting on batch 45
11/21/2025 03:54:04 AM DEBUG:Predicting on batch 46
11/21/2025 03:54:07 AM DEBUG:Predicting on batch 47
11/21/2025 03:54:11 AM DEBUG:Predicting on batch 48
11/21/2025 03:54:14 AM DEBUG:Predicting on batch 49
11/21/2025 03:54:18 AM DEBUG:Predicting on batch 50
11/21/2025 03:54:18 AM DEBUG:50
11/21/2025 03:54:18 AM DEBUG:10 batches took 35.69788432121277 seconds
11/21/2025 03:54:22 AM DEBUG:Predicting on batch 51
11/21/2025 03:54:25 AM DEBUG:Predicting on batch 52
11/21/2025 03:54:29 AM DEBUG:Predicting on batch 53
11/21/2025 03:54:33 AM DEBUG:Predicting on batch 54
11/21/2025 03:54:36 AM DEBUG:Predicting on batch 55
11/21/2025 03:54:40 AM DEBUG:Predicting on batch 56
11/21/2025 03:54:44 AM DEBUG:Predicting on batch 57
11/21/2025 03:54:47 AM DEBUG:Predicting on batch 58
11/21/2025 03:54:51 AM DEBUG:Predicting on batch 59
11/21/2025 03:54:54 AM DEBUG:Predicting on batch 60
11/21/2025 03:54:54 AM DEBUG:60
11/21/2025 03:54:54 AM DEBUG:10 batches took 36.4814715385437 seconds
11/21/2025 03:54:58 AM DEBUG:Predicting on batch 61
11/21/2025 03:55:02 AM DEBUG:Predicting on batch 62
11/21/2025 03:55:05 AM DEBUG:Predicting on batch 63
11/21/2025 03:55:09 AM DEBUG:Predicting on batch 64
11/21/2025 03:55:12 AM DEBUG:Predicting on batch 65
11/21/2025 03:55:16 AM DEBUG:Predicting on batch 66
11/21/2025 03:55:19 AM DEBUG:Predicting on batch 67
11/21/2025 03:55:23 AM DEBUG:Predicting on batch 68
11/21/2025 03:55:26 AM DEBUG:Predicting on batch 69
11/21/2025 03:55:30 AM DEBUG:Predicting on batch 70
11/21/2025 03:55:30 AM DEBUG:70
11/21/2025 03:55:30 AM DEBUG:10 batches took 35.48363399505615 seconds
11/21/2025 03:55:33 AM DEBUG:Predicting on batch 71
11/21/2025 03:55:37 AM DEBUG:Predicting on batch 72
11/21/2025 03:55:40 AM DEBUG:Predicting on batch 73
11/21/2025 03:55:44 AM DEBUG:Predicting on batch 74
11/21/2025 03:55:47 AM DEBUG:Predicting on batch 75
11/21/2025 03:55:51 AM DEBUG:Predicting on batch 76
11/21/2025 03:55:54 AM DEBUG:Predicting on batch 77
11/21/2025 03:55:58 AM DEBUG:Predicting on batch 78
11/21/2025 03:56:01 AM DEBUG:Predicting on batch 79
11/21/2025 03:56:05 AM DEBUG:Predicting on batch 80
11/21/2025 03:56:05 AM DEBUG:80
11/21/2025 03:56:05 AM DEBUG:10 batches took 34.67184543609619 seconds
11/21/2025 03:56:08 AM DEBUG:Predicting on batch 81
11/21/2025 03:56:12 AM DEBUG:Predicting on batch 82
11/21/2025 03:56:16 AM DEBUG:Predicting on batch 83
11/21/2025 03:56:19 AM DEBUG:Predicting on batch 84
11/21/2025 03:56:23 AM DEBUG:Predicting on batch 85
11/21/2025 03:56:26 AM DEBUG:Predicting on batch 86
11/21/2025 03:56:30 AM DEBUG:Predicting on batch 87
11/21/2025 03:56:34 AM DEBUG:Predicting on batch 88
11/21/2025 03:56:37 AM DEBUG:Predicting on batch 89
11/21/2025 03:56:41 AM DEBUG:Predicting on batch 90
11/21/2025 03:56:41 AM DEBUG:90
11/21/2025 03:56:41 AM DEBUG:10 batches took 36.152395248413086 seconds
11/21/2025 03:56:44 AM DEBUG:Predicting on batch 91
11/21/2025 03:56:48 AM DEBUG:Predicting on batch 92
11/21/2025 03:56:52 AM DEBUG:Predicting on batch 93
11/21/2025 03:56:55 AM DEBUG:Predicting on batch 94
11/21/2025 03:56:59 AM DEBUG:Predicting on batch 95
11/21/2025 03:57:03 AM DEBUG:Predicting on batch 96
11/21/2025 03:57:06 AM DEBUG:Predicting on batch 97
11/21/2025 03:57:10 AM DEBUG:Predicting on batch 98
11/21/2025 03:57:13 AM DEBUG:Predicting on batch 99
11/21/2025 03:57:17 AM DEBUG:Predicting on batch 100
11/21/2025 03:57:17 AM DEBUG:100
11/21/2025 03:57:17 AM DEBUG:10 batches took 36.30280303955078 seconds
11/21/2025 03:57:21 AM DEBUG:Predicting on batch 101
11/21/2025 03:57:24 AM DEBUG:Predicting on batch 102
11/21/2025 03:57:28 AM DEBUG:Predicting on batch 103
11/21/2025 03:57:31 AM DEBUG:Predicting on batch 104
11/21/2025 03:57:35 AM DEBUG:Predicting on batch 105
11/21/2025 03:57:38 AM DEBUG:Predicting on batch 106
11/21/2025 03:57:42 AM DEBUG:Predicting on batch 107
11/21/2025 03:57:46 AM DEBUG:Predicting on batch 108
11/21/2025 03:57:49 AM DEBUG:Predicting on batch 109
11/21/2025 03:57:53 AM DEBUG:Predicting on batch 110
11/21/2025 03:57:53 AM DEBUG:110
11/21/2025 03:57:53 AM DEBUG:10 batches took 35.89081311225891 seconds
11/21/2025 03:57:56 AM DEBUG:Predicting on batch 111
11/21/2025 03:58:00 AM DEBUG:Predicting on batch 112
11/21/2025 03:58:04 AM DEBUG:Predicting on batch 113
11/21/2025 03:58:07 AM DEBUG:Predicting on batch 114
11/21/2025 03:58:11 AM DEBUG:Predicting on batch 115
11/21/2025 03:58:14 AM DEBUG:Predicting on batch 116
11/21/2025 03:58:18 AM DEBUG:Predicting on batch 117
11/21/2025 03:58:22 AM DEBUG:Predicting on batch 118
11/21/2025 03:58:25 AM DEBUG:Predicting on batch 119
11/21/2025 03:58:29 AM DEBUG:Predicting on batch 120
11/21/2025 03:58:29 AM DEBUG:120
11/21/2025 03:58:29 AM DEBUG:10 batches took 35.90963935852051 seconds
11/21/2025 03:58:32 AM DEBUG:Predicting on batch 121
11/21/2025 03:58:36 AM DEBUG:Predicting on batch 122
11/21/2025 03:58:40 AM DEBUG:Predicting on batch 123
11/21/2025 03:58:44 AM DEBUG:Predicting on batch 124
11/21/2025 03:58:47 AM DEBUG:Predicting on batch 125
11/21/2025 03:58:51 AM DEBUG:Predicting on batch 126
11/21/2025 03:58:54 AM DEBUG:Predicting on batch 127
11/21/2025 03:58:58 AM DEBUG:Predicting on batch 128
11/21/2025 03:59:01 AM DEBUG:Predicting on batch 129
11/21/2025 03:59:05 AM DEBUG:Predicting on batch 130
11/21/2025 03:59:05 AM DEBUG:130
11/21/2025 03:59:05 AM DEBUG:10 batches took 36.184991121292114 seconds
11/21/2025 03:59:09 AM DEBUG:Predicting on batch 131
11/21/2025 03:59:12 AM DEBUG:Predicting on batch 132
11/21/2025 03:59:16 AM DEBUG:Predicting on batch 133
11/21/2025 03:59:19 AM DEBUG:Predicting on batch 134
11/21/2025 03:59:23 AM DEBUG:Predicting on batch 135
11/21/2025 03:59:27 AM DEBUG:Predicting on batch 136
11/21/2025 03:59:30 AM DEBUG:Predicting on batch 137
11/21/2025 03:59:34 AM DEBUG:Predicting on batch 138
11/21/2025 03:59:37 AM DEBUG:Predicting on batch 139
11/21/2025 03:59:41 AM DEBUG:Predicting on batch 140
11/21/2025 03:59:41 AM DEBUG:140
11/21/2025 03:59:41 AM DEBUG:10 batches took 36.01328635215759 seconds
11/21/2025 03:59:45 AM DEBUG:Predicting on batch 141
11/21/2025 03:59:48 AM DEBUG:Predicting on batch 142
11/21/2025 03:59:52 AM DEBUG:Predicting on batch 143
11/21/2025 03:59:55 AM DEBUG:Predicting on batch 144
11/21/2025 03:59:59 AM DEBUG:Predicting on batch 145
11/21/2025 04:00:02 AM DEBUG:Predicting on batch 146
11/21/2025 04:00:06 AM DEBUG:Predicting on batch 147
11/21/2025 04:00:10 AM DEBUG:Predicting on batch 148
11/21/2025 04:00:13 AM DEBUG:Predicting on batch 149
11/21/2025 04:00:17 AM DEBUG:Predicting on batch 150
11/21/2025 04:00:17 AM DEBUG:150
11/21/2025 04:00:17 AM DEBUG:10 batches took 35.61095857620239 seconds
11/21/2025 04:00:21 AM DEBUG:Predicting on batch 151
11/21/2025 04:00:24 AM DEBUG:Predicting on batch 152
11/21/2025 04:00:28 AM DEBUG:Predicting on batch 153
11/21/2025 04:00:31 AM DEBUG:Predicting on batch 154
11/21/2025 04:00:35 AM DEBUG:Predicting on batch 155
11/21/2025 04:00:39 AM DEBUG:Predicting on batch 156
11/21/2025 04:00:42 AM DEBUG:Predicting on batch 157
11/21/2025 04:00:46 AM DEBUG:Predicting on batch 158
11/21/2025 04:00:49 AM DEBUG:Predicting on batch 159
11/21/2025 04:00:53 AM DEBUG:Predicting on batch 160
11/21/2025 04:00:53 AM DEBUG:160
11/21/2025 04:00:53 AM DEBUG:10 batches took 36.14136600494385 seconds
11/21/2025 04:00:56 AM DEBUG:Predicting on batch 161
11/21/2025 04:01:00 AM DEBUG:Predicting on batch 162
11/21/2025 04:01:04 AM DEBUG:Predicting on batch 163
11/21/2025 04:01:07 AM DEBUG:Predicting on batch 164
11/21/2025 04:01:11 AM DEBUG:Predicting on batch 165
11/21/2025 04:01:15 AM DEBUG:Predicting on batch 166
11/21/2025 04:01:18 AM DEBUG:Predicting on batch 167
11/21/2025 04:01:22 AM DEBUG:Predicting on batch 168
11/21/2025 04:01:25 AM DEBUG:Predicting on batch 169
11/21/2025 04:01:29 AM DEBUG:Predicting on batch 170
11/21/2025 04:01:29 AM DEBUG:170
11/21/2025 04:01:29 AM DEBUG:10 batches took 36.1138334274292 seconds
11/21/2025 04:01:33 AM DEBUG:Predicting on batch 171
11/21/2025 04:01:36 AM DEBUG:Predicting on batch 172
11/21/2025 04:01:40 AM DEBUG:Predicting on batch 173
11/21/2025 04:01:43 AM DEBUG:Predicting on batch 174
11/21/2025 04:01:47 AM DEBUG:Predicting on batch 175
11/21/2025 04:01:51 AM DEBUG:Predicting on batch 176
11/21/2025 04:01:54 AM DEBUG:Predicting on batch 177
11/21/2025 04:01:58 AM DEBUG:Predicting on batch 178
11/21/2025 04:02:01 AM DEBUG:Predicting on batch 179
11/21/2025 04:02:05 AM DEBUG:Predicting on batch 180
11/21/2025 04:02:05 AM DEBUG:180
11/21/2025 04:02:05 AM DEBUG:10 batches took 36.08341574668884 seconds
11/21/2025 04:02:09 AM DEBUG:Predicting on batch 181
11/21/2025 04:02:12 AM DEBUG:Predicting on batch 182
11/21/2025 04:02:16 AM DEBUG:Predicting on batch 183
11/21/2025 04:02:19 AM DEBUG:Predicting on batch 184
11/21/2025 04:02:23 AM DEBUG:Predicting on batch 185
11/21/2025 04:02:26 AM DEBUG:Predicting on batch 186
11/21/2025 04:02:30 AM DEBUG:Predicting on batch 187
11/21/2025 04:02:34 AM DEBUG:Predicting on batch 188
11/21/2025 04:02:37 AM DEBUG:Predicting on batch 189
11/21/2025 04:02:41 AM DEBUG:Predicting on batch 190
11/21/2025 04:02:41 AM DEBUG:190
11/21/2025 04:02:41 AM DEBUG:10 batches took 35.869118213653564 seconds
11/21/2025 04:02:44 AM DEBUG:Predicting on batch 191
11/21/2025 04:02:48 AM DEBUG:Predicting on batch 192
11/21/2025 04:02:51 AM DEBUG:Predicting on batch 193
11/21/2025 04:02:55 AM DEBUG:Predicting on batch 194
11/21/2025 04:02:59 AM DEBUG:Predicting on batch 195
11/21/2025 04:03:02 AM DEBUG:Predicting on batch 196
11/21/2025 04:03:06 AM DEBUG:Predicting on batch 197
11/21/2025 04:03:09 AM DEBUG:Predicting on batch 198
11/21/2025 04:03:13 AM DEBUG:Predicting on batch 199
11/21/2025 04:03:16 AM DEBUG:Predicting on batch 200
11/21/2025 04:03:16 AM DEBUG:200
11/21/2025 04:03:16 AM DEBUG:10 batches took 35.61185836791992 seconds
11/21/2025 04:03:20 AM DEBUG:Predicting on batch 201
11/21/2025 04:03:24 AM DEBUG:Predicting on batch 202
11/21/2025 04:03:27 AM DEBUG:Predicting on batch 203
11/21/2025 04:03:31 AM DEBUG:Predicting on batch 204
11/21/2025 04:03:34 AM DEBUG:Predicting on batch 205
11/21/2025 04:03:38 AM DEBUG:Predicting on batch 206
11/21/2025 04:03:41 AM DEBUG:Predicting on batch 207
11/21/2025 04:03:45 AM DEBUG:Predicting on batch 208
11/21/2025 04:03:48 AM DEBUG:Predicting on batch 209
11/21/2025 04:03:51 AM DEBUG:Predicting on batch 210
11/21/2025 04:03:51 AM DEBUG:210
11/21/2025 04:03:51 AM DEBUG:10 batches took 35.01234221458435 seconds
11/21/2025 04:03:55 AM DEBUG:Predicting on batch 211
11/21/2025 04:03:58 AM DEBUG:Predicting on batch 212
11/21/2025 04:04:02 AM DEBUG:Predicting on batch 213
11/21/2025 04:04:05 AM DEBUG:Predicting on batch 214
11/21/2025 04:04:09 AM DEBUG:Predicting on batch 215
11/21/2025 04:04:12 AM DEBUG:Predicting on batch 216
11/21/2025 04:04:15 AM DEBUG:Predicting on batch 217
11/21/2025 04:04:19 AM DEBUG:Predicting on batch 218
11/21/2025 04:04:22 AM DEBUG:Predicting on batch 219
11/21/2025 04:04:26 AM DEBUG:Predicting on batch 220
11/21/2025 04:04:26 AM DEBUG:220
11/21/2025 04:04:26 AM DEBUG:10 batches took 34.42638897895813 seconds
11/21/2025 04:04:29 AM DEBUG:Predicting on batch 221
11/21/2025 04:04:33 AM DEBUG:Predicting on batch 222
11/21/2025 04:04:36 AM DEBUG:Predicting on batch 223
11/21/2025 04:04:40 AM DEBUG:Predicting on batch 224
11/21/2025 04:04:43 AM DEBUG:Predicting on batch 225
11/21/2025 04:04:47 AM DEBUG:Predicting on batch 226
11/21/2025 04:04:50 AM DEBUG:Predicting on batch 227
11/21/2025 04:04:54 AM DEBUG:Predicting on batch 228
11/21/2025 04:04:57 AM DEBUG:Predicting on batch 229
11/21/2025 04:05:01 AM DEBUG:Predicting on batch 230
11/21/2025 04:05:01 AM DEBUG:230
11/21/2025 04:05:01 AM DEBUG:10 batches took 34.94548940658569 seconds
11/21/2025 04:05:04 AM DEBUG:Predicting on batch 231
11/21/2025 04:05:08 AM DEBUG:Predicting on batch 232
11/21/2025 04:05:12 AM DEBUG:Predicting on batch 233
11/21/2025 04:05:15 AM DEBUG:Predicting on batch 234
11/21/2025 04:05:19 AM DEBUG:Predicting on batch 235
11/21/2025 04:05:22 AM DEBUG:Predicting on batch 236
11/21/2025 04:05:26 AM DEBUG:Predicting on batch 237
11/21/2025 04:05:30 AM DEBUG:Predicting on batch 238
11/21/2025 04:05:33 AM DEBUG:Predicting on batch 239
11/21/2025 04:05:37 AM DEBUG:Predicting on batch 240
11/21/2025 04:05:37 AM DEBUG:240
11/21/2025 04:05:37 AM DEBUG:10 batches took 36.009037256240845 seconds
11/21/2025 04:05:40 AM DEBUG:Predicting on batch 241
11/21/2025 04:05:44 AM DEBUG:Predicting on batch 242
11/21/2025 04:05:48 AM DEBUG:Predicting on batch 243
11/21/2025 04:05:51 AM DEBUG:Predicting on batch 244
11/21/2025 04:05:55 AM DEBUG:Predicting on batch 245
11/21/2025 04:05:59 AM DEBUG:Predicting on batch 246
11/21/2025 04:06:02 AM DEBUG:Predicting on batch 247
11/21/2025 04:06:06 AM DEBUG:Predicting on batch 248
11/21/2025 04:06:09 AM DEBUG:Predicting on batch 249
11/21/2025 04:06:13 AM DEBUG:Predicting on batch 250
11/21/2025 04:06:13 AM DEBUG:250
11/21/2025 04:06:13 AM DEBUG:10 batches took 36.00739026069641 seconds
11/21/2025 04:06:17 AM DEBUG:Predicting on batch 251
11/21/2025 04:06:20 AM DEBUG:Predicting on batch 252
11/21/2025 04:06:24 AM DEBUG:Predicting on batch 253
11/21/2025 04:06:27 AM DEBUG:Predicting on batch 254
11/21/2025 04:06:31 AM DEBUG:Predicting on batch 255
11/21/2025 04:06:35 AM DEBUG:Predicting on batch 256
11/21/2025 04:06:38 AM DEBUG:Predicting on batch 257
11/21/2025 04:06:42 AM DEBUG:Predicting on batch 258
11/21/2025 04:06:45 AM DEBUG:Predicting on batch 259
11/21/2025 04:06:49 AM DEBUG:Predicting on batch 260
11/21/2025 04:06:49 AM DEBUG:260
11/21/2025 04:06:49 AM DEBUG:10 batches took 36.09081506729126 seconds
11/21/2025 04:06:53 AM DEBUG:Predicting on batch 261
11/21/2025 04:06:56 AM DEBUG:Predicting on batch 262
11/21/2025 04:07:00 AM DEBUG:Predicting on batch 263
11/21/2025 04:07:03 AM DEBUG:Predicting on batch 264
11/21/2025 04:07:07 AM DEBUG:Predicting on batch 265
11/21/2025 04:07:10 AM DEBUG:Predicting on batch 266
11/21/2025 04:07:14 AM DEBUG:Predicting on batch 267
11/21/2025 04:07:18 AM DEBUG:Predicting on batch 268
11/21/2025 04:07:21 AM DEBUG:Predicting on batch 269
11/21/2025 04:07:25 AM DEBUG:Predicting on batch 270
11/21/2025 04:07:25 AM DEBUG:270
11/21/2025 04:07:25 AM DEBUG:10 batches took 35.87193489074707 seconds
11/21/2025 04:07:28 AM DEBUG:Predicting on batch 271
11/21/2025 04:07:32 AM DEBUG:Predicting on batch 272
11/21/2025 04:07:35 AM DEBUG:Predicting on batch 273
11/21/2025 04:07:39 AM DEBUG:Predicting on batch 274
11/21/2025 04:07:42 AM DEBUG:Predicting on batch 275
11/21/2025 04:07:46 AM DEBUG:Predicting on batch 276
11/21/2025 04:07:49 AM DEBUG:Predicting on batch 277
11/21/2025 04:07:53 AM DEBUG:Predicting on batch 278
11/21/2025 04:07:57 AM DEBUG:Predicting on batch 279
11/21/2025 04:08:00 AM DEBUG:Predicting on batch 280
11/21/2025 04:08:00 AM DEBUG:280
11/21/2025 04:08:00 AM DEBUG:10 batches took 35.38760232925415 seconds
11/21/2025 04:08:04 AM DEBUG:Predicting on batch 281
11/21/2025 04:08:08 AM DEBUG:Predicting on batch 282
11/21/2025 04:08:11 AM DEBUG:Predicting on batch 283
11/21/2025 04:08:15 AM DEBUG:Predicting on batch 284
11/21/2025 04:08:18 AM DEBUG:Predicting on batch 285
11/21/2025 04:08:22 AM DEBUG:Predicting on batch 286
11/21/2025 04:08:26 AM DEBUG:Predicting on batch 287
11/21/2025 04:08:30 AM DEBUG:Predicting on batch 288
11/21/2025 04:08:34 AM DEBUG:Predicting on batch 289
11/21/2025 04:08:38 AM DEBUG:Predicting on batch 290
11/21/2025 04:08:38 AM DEBUG:290
11/21/2025 04:08:38 AM DEBUG:10 batches took 37.56844139099121 seconds
11/21/2025 04:08:42 AM DEBUG:Predicting on batch 291
11/21/2025 04:08:46 AM DEBUG:Predicting on batch 292
11/21/2025 04:08:49 AM DEBUG:Predicting on batch 293
11/21/2025 04:08:53 AM DEBUG:Predicting on batch 294
11/21/2025 04:08:57 AM DEBUG:Predicting on batch 295
11/21/2025 04:09:01 AM DEBUG:Predicting on batch 296
11/21/2025 04:09:05 AM DEBUG:Predicting on batch 297
11/21/2025 04:09:09 AM DEBUG:Predicting on batch 298
11/21/2025 04:09:14 AM DEBUG:Predicting on batch 299
11/21/2025 04:09:17 AM DEBUG:Predicting on batch 300
11/21/2025 04:09:17 AM DEBUG:300
11/21/2025 04:09:17 AM DEBUG:10 batches took 39.56391382217407 seconds
11/21/2025 04:09:21 AM DEBUG:Predicting on batch 301
11/21/2025 04:09:25 AM DEBUG:Predicting on batch 302
11/21/2025 04:09:29 AM DEBUG:Predicting on batch 303
11/21/2025 04:09:33 AM DEBUG:Predicting on batch 304
11/21/2025 04:09:37 AM DEBUG:Predicting on batch 305
11/21/2025 04:09:41 AM DEBUG:Predicting on batch 306
11/21/2025 04:09:45 AM DEBUG:Predicting on batch 307
11/21/2025 04:09:49 AM DEBUG:Predicting on batch 308
11/21/2025 04:09:53 AM DEBUG:Predicting on batch 309
11/21/2025 04:09:57 AM DEBUG:Predicting on batch 310
11/21/2025 04:09:57 AM DEBUG:310
11/21/2025 04:09:57 AM DEBUG:10 batches took 39.346728563308716 seconds
11/21/2025 04:10:01 AM DEBUG:Predicting on batch 311
11/21/2025 04:10:04 AM DEBUG:Predicting on batch 312
11/21/2025 04:10:08 AM DEBUG:Predicting on batch 313
11/21/2025 04:10:12 AM DEBUG:Predicting on batch 314
11/21/2025 04:10:16 AM DEBUG:Predicting on batch 315
11/21/2025 04:10:20 AM DEBUG:Predicting on batch 316
11/21/2025 04:10:24 AM DEBUG:Predicting on batch 317
11/21/2025 04:10:28 AM DEBUG:Predicting on batch 318
11/21/2025 04:10:32 AM DEBUG:Predicting on batch 319
11/21/2025 04:10:36 AM DEBUG:Predicting on batch 320
11/21/2025 04:10:36 AM DEBUG:320
11/21/2025 04:10:36 AM DEBUG:10 batches took 38.88785243034363 seconds
11/21/2025 04:10:39 AM DEBUG:Predicting on batch 321
11/21/2025 04:10:43 AM DEBUG:Predicting on batch 322
11/21/2025 04:10:47 AM DEBUG:Predicting on batch 323
11/21/2025 04:10:51 AM DEBUG:Predicting on batch 324
11/21/2025 04:10:55 AM DEBUG:Predicting on batch 325
11/21/2025 04:10:59 AM DEBUG:Predicting on batch 326
11/21/2025 04:11:03 AM DEBUG:Predicting on batch 327
11/21/2025 04:11:07 AM DEBUG:Predicting on batch 328
11/21/2025 04:11:11 AM DEBUG:Predicting on batch 329
11/21/2025 04:11:15 AM DEBUG:Predicting on batch 330
11/21/2025 04:11:15 AM DEBUG:330
11/21/2025 04:11:15 AM DEBUG:10 batches took 39.53275179862976 seconds
11/21/2025 04:11:19 AM DEBUG:Predicting on batch 331
11/21/2025 04:11:23 AM DEBUG:Predicting on batch 332
11/21/2025 04:11:27 AM DEBUG:Predicting on batch 333
11/21/2025 04:11:31 AM DEBUG:Predicting on batch 334
11/21/2025 04:11:35 AM DEBUG:Predicting on batch 335
11/21/2025 04:11:39 AM DEBUG:Predicting on batch 336
11/21/2025 04:11:43 AM DEBUG:Predicting on batch 337
11/21/2025 04:11:47 AM DEBUG:Predicting on batch 338
11/21/2025 04:11:51 AM DEBUG:Predicting on batch 339
11/21/2025 04:11:55 AM DEBUG:Predicting on batch 340
11/21/2025 04:11:55 AM DEBUG:340
11/21/2025 04:11:55 AM DEBUG:10 batches took 40.292911529541016 seconds
11/21/2025 04:12:00 AM DEBUG:Predicting on batch 341
11/21/2025 04:12:04 AM DEBUG:Predicting on batch 342
11/21/2025 04:12:08 AM DEBUG:Predicting on batch 343
11/21/2025 04:12:12 AM DEBUG:Predicting on batch 344
11/21/2025 04:12:15 AM DEBUG:Predicting on batch 345
11/21/2025 04:12:19 AM DEBUG:Predicting on batch 346
11/21/2025 04:12:24 AM DEBUG:Predicting on batch 347
11/21/2025 04:12:28 AM DEBUG:Predicting on batch 348
11/21/2025 04:12:32 AM DEBUG:Predicting on batch 349
11/21/2025 04:12:36 AM DEBUG:Predicting on batch 350
11/21/2025 04:12:36 AM DEBUG:350
11/21/2025 04:12:36 AM DEBUG:10 batches took 40.21939015388489 seconds
11/21/2025 04:12:40 AM DEBUG:Predicting on batch 351
11/21/2025 04:12:43 AM DEBUG:Predicting on batch 352
11/21/2025 04:12:47 AM DEBUG:Predicting on batch 353
11/21/2025 04:12:51 AM DEBUG:Predicting on batch 354
11/21/2025 04:12:55 AM DEBUG:Predicting on batch 355
11/21/2025 04:12:58 AM DEBUG:Predicting on batch 356
11/21/2025 04:13:02 AM DEBUG:Predicting on batch 357
11/21/2025 04:13:05 AM DEBUG:Predicting on batch 358
11/21/2025 04:13:09 AM DEBUG:Predicting on batch 359
11/21/2025 04:13:12 AM DEBUG:Predicting on batch 360
11/21/2025 04:13:12 AM DEBUG:360
11/21/2025 04:13:12 AM DEBUG:10 batches took 36.829801082611084 seconds
11/21/2025 04:13:16 AM DEBUG:Predicting on batch 361
11/21/2025 04:13:20 AM DEBUG:Predicting on batch 362
11/21/2025 04:13:23 AM DEBUG:Predicting on batch 363
11/21/2025 04:13:27 AM DEBUG:Predicting on batch 364
11/21/2025 04:13:31 AM DEBUG:Predicting on batch 365
11/21/2025 04:13:34 AM DEBUG:Predicting on batch 366
11/21/2025 04:13:38 AM DEBUG:Predicting on batch 367
11/21/2025 04:13:41 AM DEBUG:Predicting on batch 368
11/21/2025 04:13:45 AM DEBUG:Predicting on batch 369
11/21/2025 04:13:48 AM DEBUG:Predicting on batch 370
11/21/2025 04:13:48 AM DEBUG:370
11/21/2025 04:13:48 AM DEBUG:10 batches took 36.02933406829834 seconds
11/21/2025 04:13:52 AM DEBUG:Predicting on batch 371
11/21/2025 04:13:56 AM DEBUG:Predicting on batch 372
11/21/2025 04:13:59 AM DEBUG:Predicting on batch 373
11/21/2025 04:14:03 AM DEBUG:Predicting on batch 374
11/21/2025 04:14:06 AM DEBUG:Predicting on batch 375
11/21/2025 04:14:10 AM DEBUG:Predicting on batch 376
11/21/2025 04:14:13 AM DEBUG:Predicting on batch 377
11/21/2025 04:14:17 AM DEBUG:Predicting on batch 378
11/21/2025 04:14:21 AM DEBUG:Predicting on batch 379
11/21/2025 04:14:24 AM DEBUG:Predicting on batch 380
11/21/2025 04:14:24 AM DEBUG:380
11/21/2025 04:14:24 AM DEBUG:10 batches took 35.6499285697937 seconds
11/21/2025 04:14:28 AM DEBUG:Predicting on batch 381
11/21/2025 04:14:31 AM DEBUG:Predicting on batch 382
11/21/2025 04:14:35 AM DEBUG:Predicting on batch 383
11/21/2025 04:14:38 AM DEBUG:Predicting on batch 384
11/21/2025 04:14:42 AM DEBUG:Predicting on batch 385
11/21/2025 04:14:46 AM DEBUG:Predicting on batch 386
11/21/2025 04:14:50 AM DEBUG:Predicting on batch 387
11/21/2025 04:14:53 AM DEBUG:Predicting on batch 388
11/21/2025 04:14:57 AM DEBUG:Predicting on batch 389
11/21/2025 04:15:00 AM DEBUG:Predicting on batch 390
11/21/2025 04:15:00 AM DEBUG:390
11/21/2025 04:15:00 AM DEBUG:10 batches took 36.24740028381348 seconds
11/21/2025 04:15:04 AM DEBUG:Predicting on batch 391
11/21/2025 04:15:08 AM DEBUG:Predicting on batch 392
11/21/2025 04:15:11 AM DEBUG:Predicting on batch 393
11/21/2025 04:15:15 AM DEBUG:Predicting on batch 394
11/21/2025 04:15:19 AM DEBUG:Predicting on batch 395
11/21/2025 04:15:23 AM DEBUG:Predicting on batch 396
11/21/2025 04:15:26 AM DEBUG:Predicting on batch 397
11/21/2025 04:15:30 AM DEBUG:Predicting on batch 398
11/21/2025 04:15:33 AM DEBUG:Predicting on batch 399
11/21/2025 04:15:37 AM DEBUG:Predicting on batch 400
11/21/2025 04:15:37 AM DEBUG:400
11/21/2025 04:15:37 AM DEBUG:10 batches took 36.76852250099182 seconds
11/21/2025 04:15:41 AM DEBUG:Predicting on batch 401
11/21/2025 04:15:45 AM DEBUG:Predicting on batch 402
11/21/2025 04:15:49 AM DEBUG:Predicting on batch 403
11/21/2025 04:15:53 AM DEBUG:Predicting on batch 404
11/21/2025 04:15:56 AM DEBUG:Predicting on batch 405
11/21/2025 04:16:00 AM DEBUG:Predicting on batch 406
11/21/2025 04:16:04 AM DEBUG:Predicting on batch 407
11/21/2025 04:16:07 AM DEBUG:Predicting on batch 408
11/21/2025 04:16:11 AM DEBUG:Predicting on batch 409
11/21/2025 04:16:15 AM DEBUG:Predicting on batch 410
11/21/2025 04:16:15 AM DEBUG:410
11/21/2025 04:16:15 AM DEBUG:10 batches took 38.165549516677856 seconds
11/21/2025 04:16:19 AM DEBUG:Predicting on batch 411
11/21/2025 04:16:23 AM DEBUG:Predicting on batch 412
11/21/2025 04:16:26 AM DEBUG:Predicting on batch 413
11/21/2025 04:16:30 AM DEBUG:Predicting on batch 414
11/21/2025 04:16:34 AM DEBUG:Predicting on batch 415
11/21/2025 04:16:38 AM DEBUG:Predicting on batch 416
11/21/2025 04:16:42 AM DEBUG:Predicting on batch 417
11/21/2025 04:16:46 AM DEBUG:Predicting on batch 418
11/21/2025 04:16:50 AM DEBUG:Predicting on batch 419
11/21/2025 04:16:54 AM DEBUG:Predicting on batch 420
11/21/2025 04:16:54 AM DEBUG:420
11/21/2025 04:16:54 AM DEBUG:10 batches took 38.2131986618042 seconds
11/21/2025 04:16:57 AM DEBUG:Predicting on batch 421
11/21/2025 04:17:01 AM DEBUG:Predicting on batch 422
11/21/2025 04:17:05 AM DEBUG:Predicting on batch 423
11/21/2025 04:17:09 AM DEBUG:Predicting on batch 424
11/21/2025 04:17:13 AM DEBUG:Predicting on batch 425
11/21/2025 04:17:17 AM DEBUG:Predicting on batch 426
11/21/2025 04:17:21 AM DEBUG:Predicting on batch 427
11/21/2025 04:17:25 AM DEBUG:Predicting on batch 428
11/21/2025 04:17:29 AM DEBUG:Predicting on batch 429
11/21/2025 04:17:33 AM DEBUG:Predicting on batch 430
11/21/2025 04:17:33 AM DEBUG:430
11/21/2025 04:17:33 AM DEBUG:10 batches took 39.30444645881653 seconds
11/21/2025 04:17:37 AM DEBUG:Predicting on batch 431
11/21/2025 04:17:41 AM DEBUG:Predicting on batch 432
11/21/2025 04:17:45 AM DEBUG:Predicting on batch 433
11/21/2025 04:17:49 AM DEBUG:Predicting on batch 434
11/21/2025 04:17:53 AM DEBUG:Predicting on batch 435
11/21/2025 04:17:57 AM DEBUG:Predicting on batch 436
11/21/2025 04:18:00 AM DEBUG:Predicting on batch 437
11/21/2025 04:18:04 AM DEBUG:Predicting on batch 438
11/21/2025 04:18:08 AM DEBUG:Predicting on batch 439
11/21/2025 04:18:12 AM DEBUG:Predicting on batch 440
11/21/2025 04:18:12 AM DEBUG:440
11/21/2025 04:18:12 AM DEBUG:10 batches took 39.22843098640442 seconds
11/21/2025 04:18:16 AM DEBUG:Predicting on batch 441
11/21/2025 04:18:20 AM DEBUG:Predicting on batch 442
11/21/2025 04:18:24 AM DEBUG:Predicting on batch 443
11/21/2025 04:18:28 AM DEBUG:Predicting on batch 444
11/21/2025 04:18:32 AM DEBUG:Predicting on batch 445
11/21/2025 04:18:36 AM DEBUG:Predicting on batch 446
11/21/2025 04:18:40 AM DEBUG:Predicting on batch 447
11/21/2025 04:18:44 AM DEBUG:Predicting on batch 448
11/21/2025 04:18:48 AM DEBUG:Predicting on batch 449
11/21/2025 04:18:52 AM DEBUG:Predicting on batch 450
11/21/2025 04:18:52 AM DEBUG:450
11/21/2025 04:18:52 AM DEBUG:10 batches took 40.085275411605835 seconds
11/21/2025 04:18:56 AM DEBUG:Predicting on batch 451
11/21/2025 04:19:00 AM DEBUG:Predicting on batch 452
11/21/2025 04:19:04 AM DEBUG:Predicting on batch 453
11/21/2025 04:19:08 AM DEBUG:Predicting on batch 454
11/21/2025 04:19:13 AM DEBUG:Predicting on batch 455
11/21/2025 04:19:17 AM DEBUG:Predicting on batch 456
11/21/2025 04:19:21 AM DEBUG:Predicting on batch 457
11/21/2025 04:19:25 AM DEBUG:Predicting on batch 458
11/21/2025 04:19:29 AM DEBUG:Predicting on batch 459
11/21/2025 04:19:33 AM DEBUG:Predicting on batch 460
11/21/2025 04:19:33 AM DEBUG:460
11/21/2025 04:19:33 AM DEBUG:10 batches took 40.54863238334656 seconds
11/21/2025 04:19:37 AM DEBUG:Predicting on batch 461
11/21/2025 04:19:41 AM DEBUG:Predicting on batch 462
11/21/2025 04:19:45 AM DEBUG:Predicting on batch 463
11/21/2025 04:19:49 AM DEBUG:Predicting on batch 464
11/21/2025 04:19:53 AM DEBUG:Predicting on batch 465
11/21/2025 04:19:57 AM DEBUG:Predicting on batch 466
11/21/2025 04:20:01 AM DEBUG:Predicting on batch 467
11/21/2025 04:20:05 AM DEBUG:Predicting on batch 468
11/21/2025 04:20:09 AM DEBUG:Predicting on batch 469
11/21/2025 04:20:13 AM DEBUG:Predicting on batch 470
11/21/2025 04:20:13 AM DEBUG:470
11/21/2025 04:20:13 AM DEBUG:10 batches took 40.14603543281555 seconds
11/21/2025 04:20:17 AM DEBUG:Predicting on batch 471
11/21/2025 04:20:21 AM DEBUG:Predicting on batch 472
11/21/2025 04:20:25 AM DEBUG:Predicting on batch 473
11/21/2025 04:20:29 AM DEBUG:Predicting on batch 474
11/21/2025 04:20:33 AM DEBUG:Predicting on batch 475
11/21/2025 04:20:37 AM DEBUG:Predicting on batch 476
11/21/2025 04:20:41 AM DEBUG:Predicting on batch 477
11/21/2025 04:20:45 AM DEBUG:Predicting on batch 478
11/21/2025 04:20:49 AM DEBUG:Predicting on batch 479
11/21/2025 04:20:53 AM DEBUG:Predicting on batch 480
11/21/2025 04:20:53 AM DEBUG:480
11/21/2025 04:20:53 AM DEBUG:10 batches took 40.008891105651855 seconds
11/21/2025 04:20:57 AM DEBUG:Predicting on batch 481
11/21/2025 04:21:01 AM DEBUG:Predicting on batch 482
11/21/2025 04:21:05 AM DEBUG:Predicting on batch 483
11/21/2025 04:21:09 AM DEBUG:Predicting on batch 484
11/21/2025 04:21:13 AM DEBUG:Predicting on batch 485
11/21/2025 04:21:17 AM DEBUG:Predicting on batch 486
11/21/2025 04:21:21 AM DEBUG:Predicting on batch 487
11/21/2025 04:21:25 AM DEBUG:Predicting on batch 488
11/21/2025 04:21:29 AM DEBUG:Predicting on batch 489
11/21/2025 04:21:33 AM DEBUG:Predicting on batch 490
11/21/2025 04:21:33 AM DEBUG:490
11/21/2025 04:21:33 AM DEBUG:10 batches took 39.98764443397522 seconds
11/21/2025 04:21:37 AM DEBUG:Predicting on batch 491
11/21/2025 04:21:41 AM DEBUG:Predicting on batch 492
11/21/2025 04:21:45 AM DEBUG:Predicting on batch 493
11/21/2025 04:21:49 AM DEBUG:Predicting on batch 494
11/21/2025 04:21:53 AM DEBUG:Predicting on batch 495
11/21/2025 04:21:57 AM DEBUG:Predicting on batch 496
11/21/2025 04:22:01 AM DEBUG:Predicting on batch 497
11/21/2025 04:22:05 AM DEBUG:Predicting on batch 498
11/21/2025 04:22:09 AM DEBUG:Predicting on batch 499
11/21/2025 04:22:14 AM DEBUG:Predicting on batch 500
11/21/2025 04:22:14 AM DEBUG:500
11/21/2025 04:22:14 AM DEBUG:10 batches took 40.70636010169983 seconds
11/21/2025 04:22:17 AM DEBUG:Predicting on batch 501
11/21/2025 04:22:21 AM DEBUG:Predicting on batch 502
11/21/2025 04:22:25 AM DEBUG:Predicting on batch 503
11/21/2025 04:22:30 AM DEBUG:Predicting on batch 504
11/21/2025 04:22:34 AM DEBUG:Predicting on batch 505
11/21/2025 04:22:38 AM DEBUG:Predicting on batch 506
11/21/2025 04:22:42 AM DEBUG:Predicting on batch 507
11/21/2025 04:22:46 AM DEBUG:Predicting on batch 508
11/21/2025 04:22:50 AM DEBUG:Predicting on batch 509
11/21/2025 04:22:54 AM DEBUG:Predicting on batch 510
11/21/2025 04:22:54 AM DEBUG:510
11/21/2025 04:22:54 AM DEBUG:10 batches took 40.490448236465454 seconds
11/21/2025 04:22:58 AM DEBUG:Predicting on batch 511
11/21/2025 04:23:02 AM DEBUG:Predicting on batch 512
11/21/2025 04:23:06 AM DEBUG:Predicting on batch 513
11/21/2025 04:23:10 AM DEBUG:Predicting on batch 514
11/21/2025 04:23:14 AM DEBUG:Predicting on batch 515
11/21/2025 04:23:18 AM DEBUG:Predicting on batch 516
11/21/2025 04:23:22 AM DEBUG:Predicting on batch 517
11/21/2025 04:23:26 AM DEBUG:Predicting on batch 518
11/21/2025 04:23:30 AM DEBUG:Predicting on batch 519
11/21/2025 04:23:34 AM DEBUG:Predicting on batch 520
11/21/2025 04:23:34 AM DEBUG:520
11/21/2025 04:23:34 AM DEBUG:10 batches took 40.30224800109863 seconds
11/21/2025 04:23:38 AM DEBUG:Predicting on batch 521
11/21/2025 04:23:42 AM DEBUG:Predicting on batch 522
11/21/2025 04:23:49 AM DEBUG:Predicting on batch 523
11/21/2025 04:23:52 AM DEBUG:Predicting on batch 524
11/21/2025 04:23:56 AM DEBUG:Predicting on batch 525
11/21/2025 04:23:59 AM DEBUG:Predicting on batch 526
11/21/2025 04:24:03 AM DEBUG:Predicting on batch 527
11/21/2025 04:24:07 AM DEBUG:Predicting on batch 528
11/21/2025 04:24:10 AM DEBUG:Predicting on batch 529
11/21/2025 04:24:14 AM DEBUG:Predicting on batch 530
11/21/2025 04:24:14 AM DEBUG:530
11/21/2025 04:24:14 AM DEBUG:10 batches took 39.490029096603394 seconds
11/21/2025 04:24:18 AM DEBUG:Predicting on batch 531
11/21/2025 04:24:21 AM DEBUG:Predicting on batch 532
11/21/2025 04:24:25 AM DEBUG:Predicting on batch 533
11/21/2025 04:24:29 AM DEBUG:Predicting on batch 534
11/21/2025 04:24:32 AM DEBUG:Predicting on batch 535
11/21/2025 04:24:36 AM DEBUG:Predicting on batch 536
11/21/2025 04:24:39 AM DEBUG:Predicting on batch 537
11/21/2025 04:24:43 AM DEBUG:Predicting on batch 538
11/21/2025 04:24:47 AM DEBUG:Predicting on batch 539
11/21/2025 04:24:50 AM DEBUG:Predicting on batch 540
11/21/2025 04:24:50 AM DEBUG:540
11/21/2025 04:24:50 AM DEBUG:10 batches took 36.47085380554199 seconds
11/21/2025 04:24:54 AM DEBUG:Predicting on batch 541
11/21/2025 04:24:57 AM DEBUG:Predicting on batch 542
11/21/2025 04:25:01 AM DEBUG:Predicting on batch 543
11/21/2025 04:25:05 AM DEBUG:Predicting on batch 544
11/21/2025 04:25:08 AM DEBUG:Predicting on batch 545
11/21/2025 04:25:12 AM DEBUG:Predicting on batch 546
11/21/2025 04:25:16 AM DEBUG:Predicting on batch 547
11/21/2025 04:25:19 AM DEBUG:Predicting on batch 548
11/21/2025 04:25:23 AM DEBUG:Predicting on batch 549
11/21/2025 04:25:27 AM DEBUG:Predicting on batch 550
11/21/2025 04:25:27 AM DEBUG:550
11/21/2025 04:25:27 AM DEBUG:10 batches took 36.35996961593628 seconds
11/21/2025 04:25:30 AM DEBUG:Predicting on batch 551
11/21/2025 04:25:34 AM DEBUG:Predicting on batch 552
11/21/2025 04:25:37 AM DEBUG:Predicting on batch 553
11/21/2025 04:25:41 AM DEBUG:Predicting on batch 554
11/21/2025 04:25:44 AM DEBUG:Predicting on batch 555
11/21/2025 04:25:48 AM DEBUG:Predicting on batch 556
11/21/2025 04:25:51 AM DEBUG:Predicting on batch 557
11/21/2025 04:25:55 AM DEBUG:Predicting on batch 558
11/21/2025 04:25:58 AM DEBUG:Predicting on batch 559
11/21/2025 04:26:02 AM DEBUG:Predicting on batch 560
11/21/2025 04:26:02 AM DEBUG:560
11/21/2025 04:26:02 AM DEBUG:10 batches took 35.27616286277771 seconds
11/21/2025 04:26:05 AM DEBUG:Predicting on batch 561
11/21/2025 04:26:09 AM DEBUG:Predicting on batch 562
11/21/2025 04:26:12 AM DEBUG:Predicting on batch 563
11/21/2025 04:26:16 AM DEBUG:Predicting on batch 564
11/21/2025 04:26:20 AM DEBUG:Predicting on batch 565
11/21/2025 04:26:23 AM DEBUG:Predicting on batch 566
11/21/2025 04:26:27 AM DEBUG:Predicting on batch 567
11/21/2025 04:26:31 AM DEBUG:Predicting on batch 568
11/21/2025 04:26:34 AM DEBUG:Predicting on batch 569
11/21/2025 04:26:38 AM DEBUG:Predicting on batch 570
11/21/2025 04:26:38 AM DEBUG:570
11/21/2025 04:26:38 AM DEBUG:10 batches took 35.7900812625885 seconds
11/21/2025 04:26:41 AM DEBUG:Predicting on batch 571
11/21/2025 04:26:45 AM DEBUG:Predicting on batch 572
11/21/2025 04:26:49 AM DEBUG:Predicting on batch 573
11/21/2025 04:26:52 AM DEBUG:Predicting on batch 574
11/21/2025 04:26:56 AM DEBUG:Predicting on batch 575
11/21/2025 04:27:00 AM DEBUG:Predicting on batch 576
11/21/2025 04:27:03 AM DEBUG:Predicting on batch 577
11/21/2025 04:27:07 AM DEBUG:Predicting on batch 578
11/21/2025 04:27:11 AM DEBUG:Predicting on batch 579
11/21/2025 04:27:14 AM DEBUG:Predicting on batch 580
11/21/2025 04:27:14 AM DEBUG:580
11/21/2025 04:27:14 AM DEBUG:10 batches took 36.581650733947754 seconds
11/21/2025 04:27:18 AM DEBUG:Predicting on batch 581
11/21/2025 04:27:22 AM DEBUG:Predicting on batch 582
11/21/2025 04:27:25 AM DEBUG:Predicting on batch 583
11/21/2025 04:27:29 AM DEBUG:Predicting on batch 584
11/21/2025 04:27:33 AM DEBUG:Predicting on batch 585
11/21/2025 04:27:36 AM DEBUG:Predicting on batch 586
11/21/2025 04:27:40 AM DEBUG:Predicting on batch 587
11/21/2025 04:27:43 AM DEBUG:Predicting on batch 588
11/21/2025 04:27:47 AM DEBUG:Predicting on batch 589
11/21/2025 04:27:51 AM DEBUG:Predicting on batch 590
11/21/2025 04:27:51 AM DEBUG:590
11/21/2025 04:27:51 AM DEBUG:10 batches took 36.35847210884094 seconds
11/21/2025 04:27:55 AM DEBUG:Predicting on batch 591
11/21/2025 04:27:58 AM DEBUG:Predicting on batch 592
11/21/2025 04:28:02 AM DEBUG:Predicting on batch 593
11/21/2025 04:28:05 AM DEBUG:Predicting on batch 594
11/21/2025 04:28:09 AM DEBUG:Predicting on batch 595
11/21/2025 04:28:12 AM DEBUG:Predicting on batch 596
11/21/2025 04:28:16 AM DEBUG:Predicting on batch 597
11/21/2025 04:28:19 AM DEBUG:Predicting on batch 598
11/21/2025 04:28:23 AM DEBUG:Predicting on batch 599
11/21/2025 04:28:26 AM DEBUG:Predicting on batch 600
11/21/2025 04:28:26 AM DEBUG:600
11/21/2025 04:28:26 AM DEBUG:10 batches took 35.7035071849823 seconds
11/21/2025 04:28:30 AM DEBUG:Predicting on batch 601
11/21/2025 04:28:33 AM DEBUG:Predicting on batch 602
11/21/2025 04:28:37 AM DEBUG:Predicting on batch 603
11/21/2025 04:28:40 AM DEBUG:Predicting on batch 604
11/21/2025 04:28:44 AM DEBUG:Predicting on batch 605
11/21/2025 04:28:47 AM DEBUG:Predicting on batch 606
11/21/2025 04:28:51 AM DEBUG:Predicting on batch 607
11/21/2025 04:28:55 AM DEBUG:Predicting on batch 608
11/21/2025 04:28:58 AM DEBUG:Predicting on batch 609
11/21/2025 04:29:02 AM DEBUG:Predicting on batch 610
11/21/2025 04:29:02 AM DEBUG:610
11/21/2025 04:29:02 AM DEBUG:10 batches took 35.41960430145264 seconds
11/21/2025 04:29:06 AM DEBUG:Predicting on batch 611
11/21/2025 04:29:09 AM DEBUG:Predicting on batch 612
11/21/2025 04:29:13 AM DEBUG:Predicting on batch 613
11/21/2025 04:29:16 AM DEBUG:Predicting on batch 614
11/21/2025 04:29:20 AM DEBUG:Predicting on batch 615
11/21/2025 04:29:24 AM DEBUG:Predicting on batch 616
11/21/2025 04:29:27 AM DEBUG:Predicting on batch 617
11/21/2025 04:29:31 AM DEBUG:Predicting on batch 618
11/21/2025 04:29:35 AM DEBUG:Predicting on batch 619
11/21/2025 04:29:38 AM DEBUG:Predicting on batch 620
11/21/2025 04:29:38 AM DEBUG:620
11/21/2025 04:29:38 AM DEBUG:10 batches took 36.339560985565186 seconds
11/21/2025 04:29:42 AM DEBUG:Predicting on batch 621
11/21/2025 04:29:45 AM DEBUG:Predicting on batch 622
11/21/2025 04:29:49 AM DEBUG:Predicting on batch 623
11/21/2025 04:29:53 AM DEBUG:Predicting on batch 624
11/21/2025 04:29:56 AM DEBUG:Predicting on batch 625
11/21/2025 04:30:00 AM DEBUG:Predicting on batch 626
11/21/2025 04:30:04 AM DEBUG:Predicting on batch 627
11/21/2025 04:30:07 AM DEBUG:Predicting on batch 628
11/21/2025 04:30:11 AM DEBUG:Predicting on batch 629
11/21/2025 04:30:15 AM DEBUG:Predicting on batch 630
11/21/2025 04:30:15 AM DEBUG:630
11/21/2025 04:30:15 AM DEBUG:10 batches took 36.64846396446228 seconds
11/21/2025 04:30:19 AM DEBUG:Predicting on batch 631
11/21/2025 04:30:22 AM DEBUG:Predicting on batch 632
11/21/2025 04:30:26 AM DEBUG:Predicting on batch 633
11/21/2025 04:30:29 AM DEBUG:Predicting on batch 634
11/21/2025 04:30:33 AM DEBUG:Predicting on batch 635
11/21/2025 04:30:37 AM DEBUG:Predicting on batch 636
11/21/2025 04:30:40 AM DEBUG:Predicting on batch 637
11/21/2025 04:30:44 AM DEBUG:Predicting on batch 638
11/21/2025 04:30:47 AM DEBUG:Predicting on batch 639
11/21/2025 04:30:51 AM DEBUG:Predicting on batch 640
11/21/2025 04:30:51 AM DEBUG:640
11/21/2025 04:30:51 AM DEBUG:10 batches took 36.332374572753906 seconds
11/21/2025 04:30:55 AM DEBUG:Predicting on batch 641
11/21/2025 04:30:58 AM DEBUG:Predicting on batch 642
11/21/2025 04:31:02 AM DEBUG:Predicting on batch 643
11/21/2025 04:31:06 AM DEBUG:Predicting on batch 644
11/21/2025 04:31:09 AM DEBUG:Predicting on batch 645
11/21/2025 04:31:13 AM DEBUG:Predicting on batch 646
11/21/2025 04:31:16 AM DEBUG:Predicting on batch 647
11/21/2025 04:31:20 AM DEBUG:Predicting on batch 648
11/21/2025 04:31:24 AM DEBUG:Predicting on batch 649
11/21/2025 04:31:27 AM DEBUG:Predicting on batch 650
11/21/2025 04:31:27 AM DEBUG:650
11/21/2025 04:31:27 AM DEBUG:10 batches took 36.20537757873535 seconds
11/21/2025 04:31:31 AM DEBUG:Predicting on batch 651
11/21/2025 04:31:35 AM DEBUG:Predicting on batch 652
11/21/2025 04:31:38 AM DEBUG:Predicting on batch 653
11/21/2025 04:31:42 AM DEBUG:Predicting on batch 654
11/21/2025 04:31:46 AM DEBUG:Predicting on batch 655
11/21/2025 04:31:49 AM DEBUG:Predicting on batch 656
11/21/2025 04:31:53 AM DEBUG:Predicting on batch 657
11/21/2025 04:31:56 AM DEBUG:Predicting on batch 658
11/21/2025 04:32:00 AM DEBUG:Predicting on batch 659
11/21/2025 04:32:04 AM DEBUG:Predicting on batch 660
11/21/2025 04:32:04 AM DEBUG:660
11/21/2025 04:32:04 AM DEBUG:10 batches took 36.35059332847595 seconds
11/21/2025 04:32:07 AM DEBUG:Predicting on batch 661
11/21/2025 04:32:11 AM DEBUG:Predicting on batch 662
11/21/2025 04:32:15 AM DEBUG:Predicting on batch 663
11/21/2025 04:32:18 AM DEBUG:Predicting on batch 664
11/21/2025 04:32:22 AM DEBUG:Predicting on batch 665
11/21/2025 04:32:26 AM DEBUG:Predicting on batch 666
11/21/2025 04:32:29 AM DEBUG:Predicting on batch 667
11/21/2025 04:32:33 AM DEBUG:Predicting on batch 668
11/21/2025 04:32:37 AM DEBUG:Predicting on batch 669
11/21/2025 04:32:40 AM DEBUG:Predicting on batch 670
11/21/2025 04:32:40 AM DEBUG:670
11/21/2025 04:32:40 AM DEBUG:10 batches took 36.429609060287476 seconds
11/21/2025 04:32:44 AM DEBUG:Predicting on batch 671
11/21/2025 04:32:47 AM DEBUG:Predicting on batch 672
11/21/2025 04:32:51 AM DEBUG:Predicting on batch 673
11/21/2025 04:32:55 AM DEBUG:Predicting on batch 674
11/21/2025 04:32:58 AM DEBUG:Predicting on batch 675
11/21/2025 04:33:02 AM DEBUG:Predicting on batch 676
11/21/2025 04:33:05 AM DEBUG:Predicting on batch 677
11/21/2025 04:33:09 AM DEBUG:Predicting on batch 678
11/21/2025 04:33:13 AM DEBUG:Predicting on batch 679
11/21/2025 04:33:16 AM DEBUG:Predicting on batch 680
11/21/2025 04:33:16 AM DEBUG:680
11/21/2025 04:33:16 AM DEBUG:10 batches took 36.00648546218872 seconds
11/21/2025 04:33:20 AM DEBUG:Predicting on batch 681
11/21/2025 04:33:23 AM DEBUG:Predicting on batch 682
11/21/2025 04:33:26 AM DEBUG:Predicting on batch 683
11/21/2025 04:33:30 AM DEBUG:Predicting on batch 684
11/21/2025 04:33:33 AM DEBUG:Predicting on batch 685
11/21/2025 04:33:37 AM DEBUG:Predicting on batch 686
11/21/2025 04:33:40 AM DEBUG:Predicting on batch 687
11/21/2025 04:33:44 AM DEBUG:Predicting on batch 688
11/21/2025 04:33:48 AM DEBUG:Predicting on batch 689
11/21/2025 04:33:51 AM DEBUG:Predicting on batch 690
11/21/2025 04:33:51 AM DEBUG:690
11/21/2025 04:33:51 AM DEBUG:10 batches took 35.0434467792511 seconds
11/21/2025 04:33:55 AM DEBUG:Predicting on batch 691
11/21/2025 04:33:58 AM DEBUG:Predicting on batch 692
11/21/2025 04:34:02 AM DEBUG:Predicting on batch 693
11/21/2025 04:34:06 AM DEBUG:Predicting on batch 694
11/21/2025 04:34:09 AM DEBUG:Predicting on batch 695
11/21/2025 04:34:13 AM DEBUG:Predicting on batch 696
11/21/2025 04:34:17 AM DEBUG:Predicting on batch 697
11/21/2025 04:34:20 AM DEBUG:Predicting on batch 698
11/21/2025 04:34:24 AM DEBUG:Predicting on batch 699
11/21/2025 04:34:27 AM DEBUG:Predicting on batch 700
11/21/2025 04:34:27 AM DEBUG:700
11/21/2025 04:34:27 AM DEBUG:10 batches took 36.13581037521362 seconds
11/21/2025 04:34:31 AM DEBUG:Predicting on batch 701
11/21/2025 04:34:34 AM DEBUG:Predicting on batch 702
11/21/2025 04:34:38 AM DEBUG:Predicting on batch 703
11/21/2025 04:34:42 AM DEBUG:Predicting on batch 704
11/21/2025 04:34:45 AM DEBUG:Predicting on batch 705
11/21/2025 04:34:49 AM DEBUG:Predicting on batch 706
11/21/2025 04:34:53 AM DEBUG:Predicting on batch 707
11/21/2025 04:34:57 AM DEBUG:Predicting on batch 708
11/21/2025 04:35:00 AM DEBUG:Predicting on batch 709
11/21/2025 04:35:04 AM DEBUG:Predicting on batch 710
11/21/2025 04:35:04 AM DEBUG:710
11/21/2025 04:35:04 AM DEBUG:10 batches took 36.4902446269989 seconds
11/21/2025 04:35:08 AM DEBUG:Predicting on batch 711
11/21/2025 04:35:11 AM DEBUG:Predicting on batch 712
11/21/2025 04:35:15 AM DEBUG:Predicting on batch 713
11/21/2025 04:35:18 AM DEBUG:Predicting on batch 714
11/21/2025 04:35:22 AM DEBUG:Predicting on batch 715
11/21/2025 04:35:26 AM DEBUG:Predicting on batch 716
11/21/2025 04:35:29 AM DEBUG:Predicting on batch 717
11/21/2025 04:35:33 AM DEBUG:Predicting on batch 718
11/21/2025 04:35:37 AM DEBUG:Predicting on batch 719
11/21/2025 04:35:40 AM DEBUG:Predicting on batch 720
11/21/2025 04:35:40 AM DEBUG:720
11/21/2025 04:35:40 AM DEBUG:10 batches took 36.32606315612793 seconds
11/21/2025 04:35:44 AM DEBUG:Predicting on batch 721
11/21/2025 04:35:47 AM DEBUG:Predicting on batch 722
11/21/2025 04:35:51 AM DEBUG:Predicting on batch 723
11/21/2025 04:35:55 AM DEBUG:Predicting on batch 724
11/21/2025 04:35:58 AM DEBUG:Predicting on batch 725
11/21/2025 04:36:02 AM DEBUG:Predicting on batch 726
11/21/2025 04:36:05 AM DEBUG:Predicting on batch 727
11/21/2025 04:36:09 AM DEBUG:Predicting on batch 728
11/21/2025 04:36:13 AM DEBUG:Predicting on batch 729
11/21/2025 04:36:16 AM DEBUG:Predicting on batch 730
11/21/2025 04:36:16 AM DEBUG:730
11/21/2025 04:36:16 AM DEBUG:10 batches took 36.1868417263031 seconds
11/21/2025 04:36:20 AM DEBUG:Predicting on batch 731
11/21/2025 04:36:24 AM DEBUG:Predicting on batch 732
11/21/2025 04:36:27 AM DEBUG:Predicting on batch 733
11/21/2025 04:36:31 AM DEBUG:Predicting on batch 734
11/21/2025 04:36:35 AM DEBUG:Predicting on batch 735
11/21/2025 04:36:38 AM DEBUG:Predicting on batch 736
11/21/2025 04:36:42 AM DEBUG:Predicting on batch 737
11/21/2025 04:36:45 AM DEBUG:Predicting on batch 738
11/21/2025 04:36:49 AM DEBUG:Predicting on batch 739
11/21/2025 04:36:53 AM DEBUG:Predicting on batch 740
11/21/2025 04:36:53 AM DEBUG:740
11/21/2025 04:36:53 AM DEBUG:10 batches took 36.42796993255615 seconds
11/21/2025 04:36:56 AM DEBUG:Predicting on batch 741
11/21/2025 04:37:00 AM DEBUG:Predicting on batch 742
11/21/2025 04:37:04 AM DEBUG:Predicting on batch 743
11/21/2025 04:37:07 AM DEBUG:Predicting on batch 744
11/21/2025 04:37:11 AM DEBUG:Predicting on batch 745
11/21/2025 04:37:14 AM DEBUG:Predicting on batch 746
11/21/2025 04:37:18 AM DEBUG:Predicting on batch 747
11/21/2025 04:37:22 AM DEBUG:Predicting on batch 748
11/21/2025 04:37:25 AM DEBUG:Predicting on batch 749
11/21/2025 04:37:29 AM DEBUG:Predicting on batch 750
11/21/2025 04:37:29 AM DEBUG:750
11/21/2025 04:37:29 AM DEBUG:10 batches took 36.029436349868774 seconds
11/21/2025 04:37:33 AM DEBUG:Predicting on batch 751
11/21/2025 04:37:36 AM DEBUG:Predicting on batch 752
11/21/2025 04:37:40 AM DEBUG:Predicting on batch 753
11/21/2025 04:37:43 AM DEBUG:Predicting on batch 754
11/21/2025 04:37:47 AM DEBUG:Predicting on batch 755
11/21/2025 04:37:51 AM DEBUG:Predicting on batch 756
11/21/2025 04:37:54 AM DEBUG:Predicting on batch 757
11/21/2025 04:37:58 AM DEBUG:Predicting on batch 758
11/21/2025 04:38:01 AM DEBUG:Predicting on batch 759
11/21/2025 04:38:05 AM DEBUG:Predicting on batch 760
11/21/2025 04:38:05 AM DEBUG:760
11/21/2025 04:38:05 AM DEBUG:10 batches took 36.34957718849182 seconds
11/21/2025 04:38:09 AM DEBUG:Predicting on batch 761
11/21/2025 04:38:12 AM DEBUG:Predicting on batch 762
11/21/2025 04:38:16 AM DEBUG:Predicting on batch 763
11/21/2025 04:38:19 AM DEBUG:Predicting on batch 764
11/21/2025 04:38:23 AM DEBUG:Predicting on batch 765
11/21/2025 04:38:26 AM DEBUG:Predicting on batch 766
11/21/2025 04:38:30 AM DEBUG:Predicting on batch 767
11/21/2025 04:38:34 AM DEBUG:Predicting on batch 768
11/21/2025 04:38:37 AM DEBUG:Predicting on batch 769
11/21/2025 04:38:41 AM DEBUG:Predicting on batch 770
11/21/2025 04:38:41 AM DEBUG:770
11/21/2025 04:38:41 AM DEBUG:10 batches took 35.593217611312866 seconds
11/21/2025 04:38:44 AM DEBUG:Predicting on batch 771
11/21/2025 04:38:48 AM DEBUG:Predicting on batch 772
11/21/2025 04:38:51 AM DEBUG:Predicting on batch 773
11/21/2025 04:38:55 AM DEBUG:Predicting on batch 774
11/21/2025 04:38:58 AM DEBUG:Predicting on batch 775
11/21/2025 04:39:02 AM DEBUG:Predicting on batch 776
11/21/2025 04:39:05 AM DEBUG:Predicting on batch 777
11/21/2025 04:39:09 AM DEBUG:Predicting on batch 778
11/21/2025 04:39:12 AM DEBUG:Predicting on batch 779
11/21/2025 04:39:16 AM DEBUG:Predicting on batch 780
11/21/2025 04:39:16 AM DEBUG:780
11/21/2025 04:39:16 AM DEBUG:10 batches took 35.01050877571106 seconds
11/21/2025 04:39:19 AM DEBUG:Predicting on batch 781
11/21/2025 04:39:23 AM DEBUG:Predicting on batch 782
11/21/2025 04:39:26 AM DEBUG:Predicting on batch 783
11/21/2025 04:39:30 AM DEBUG:Predicting on batch 784
11/21/2025 04:39:33 AM DEBUG:Predicting on batch 785
11/21/2025 04:39:37 AM DEBUG:Predicting on batch 786
11/21/2025 04:39:40 AM DEBUG:Predicting on batch 787
11/21/2025 04:39:44 AM DEBUG:Predicting on batch 788
11/21/2025 04:39:47 AM DEBUG:Predicting on batch 789
11/21/2025 04:39:51 AM DEBUG:Predicting on batch 790
11/21/2025 04:39:51 AM DEBUG:790
11/21/2025 04:39:51 AM DEBUG:10 batches took 34.90816378593445 seconds
11/21/2025 04:39:54 AM DEBUG:Predicting on batch 791
11/21/2025 04:39:58 AM DEBUG:Predicting on batch 792
11/21/2025 04:40:01 AM DEBUG:Predicting on batch 793
11/21/2025 04:40:05 AM DEBUG:Predicting on batch 794
11/21/2025 04:40:08 AM DEBUG:Predicting on batch 795
11/21/2025 04:40:12 AM DEBUG:Predicting on batch 796
11/21/2025 04:40:15 AM DEBUG:Predicting on batch 797
11/21/2025 04:40:19 AM DEBUG:Predicting on batch 798
11/21/2025 04:40:23 AM DEBUG:Predicting on batch 799
11/21/2025 04:40:26 AM DEBUG:Predicting on batch 800
11/21/2025 04:40:26 AM DEBUG:800
11/21/2025 04:40:26 AM DEBUG:10 batches took 35.71141505241394 seconds
11/21/2025 04:40:30 AM DEBUG:Predicting on batch 801
11/21/2025 04:40:34 AM DEBUG:Predicting on batch 802
11/21/2025 04:40:38 AM DEBUG:Predicting on batch 803
11/21/2025 04:40:41 AM DEBUG:Predicting on batch 804
11/21/2025 04:40:45 AM DEBUG:Predicting on batch 805
11/21/2025 04:40:48 AM DEBUG:Predicting on batch 806
11/21/2025 04:40:52 AM DEBUG:Predicting on batch 807
11/21/2025 04:40:56 AM DEBUG:Predicting on batch 808
11/21/2025 04:40:59 AM DEBUG:Predicting on batch 809
11/21/2025 04:41:03 AM DEBUG:Predicting on batch 810
11/21/2025 04:41:03 AM DEBUG:810
11/21/2025 04:41:03 AM DEBUG:10 batches took 36.53058338165283 seconds
11/21/2025 04:41:06 AM DEBUG:Predicting on batch 811
11/21/2025 04:41:10 AM DEBUG:Predicting on batch 812
11/21/2025 04:41:14 AM DEBUG:Predicting on batch 813
11/21/2025 04:41:17 AM DEBUG:Predicting on batch 814
11/21/2025 04:41:21 AM DEBUG:Predicting on batch 815
11/21/2025 04:41:25 AM DEBUG:Predicting on batch 816
11/21/2025 04:41:28 AM DEBUG:Predicting on batch 817
11/21/2025 04:41:32 AM DEBUG:Predicting on batch 818
11/21/2025 04:41:36 AM DEBUG:Predicting on batch 819
11/21/2025 04:41:39 AM DEBUG:Predicting on batch 820
11/21/2025 04:41:39 AM DEBUG:820
11/21/2025 04:41:39 AM DEBUG:10 batches took 36.25287628173828 seconds
11/21/2025 04:41:43 AM DEBUG:Predicting on batch 821
11/21/2025 04:41:47 AM DEBUG:Predicting on batch 822
11/21/2025 04:41:50 AM DEBUG:Predicting on batch 823
11/21/2025 04:41:54 AM DEBUG:Predicting on batch 824
11/21/2025 04:41:58 AM DEBUG:Predicting on batch 825
11/21/2025 04:42:01 AM DEBUG:Predicting on batch 826
11/21/2025 04:42:05 AM DEBUG:Predicting on batch 827
11/21/2025 04:42:08 AM DEBUG:Predicting on batch 828
11/21/2025 04:42:12 AM DEBUG:Predicting on batch 829
11/21/2025 04:42:16 AM DEBUG:Predicting on batch 830
11/21/2025 04:42:16 AM DEBUG:830
11/21/2025 04:42:16 AM DEBUG:10 batches took 36.50676441192627 seconds
11/21/2025 04:42:19 AM DEBUG:Predicting on batch 831
11/21/2025 04:42:23 AM DEBUG:Predicting on batch 832
11/21/2025 04:42:27 AM DEBUG:Predicting on batch 833
11/21/2025 04:42:30 AM DEBUG:Predicting on batch 834
11/21/2025 04:42:34 AM DEBUG:Predicting on batch 835
11/21/2025 04:42:37 AM DEBUG:Predicting on batch 836
11/21/2025 04:42:41 AM DEBUG:Predicting on batch 837
11/21/2025 04:42:45 AM DEBUG:Predicting on batch 838
11/21/2025 04:42:48 AM DEBUG:Predicting on batch 839
11/21/2025 04:42:52 AM DEBUG:Predicting on batch 840
11/21/2025 04:42:52 AM DEBUG:840
11/21/2025 04:42:52 AM DEBUG:10 batches took 36.3322229385376 seconds
11/21/2025 04:42:56 AM DEBUG:Predicting on batch 841
11/21/2025 04:42:59 AM DEBUG:Predicting on batch 842
11/21/2025 04:43:03 AM DEBUG:Predicting on batch 843
11/21/2025 04:43:06 AM DEBUG:Predicting on batch 844
11/21/2025 04:43:10 AM DEBUG:Predicting on batch 845
11/21/2025 04:43:13 AM DEBUG:Predicting on batch 846
11/21/2025 04:43:17 AM DEBUG:Predicting on batch 847
11/21/2025 04:43:21 AM DEBUG:Predicting on batch 848
11/21/2025 04:43:24 AM DEBUG:Predicting on batch 849
11/21/2025 04:43:28 AM DEBUG:Predicting on batch 850
11/21/2025 04:43:28 AM DEBUG:850
11/21/2025 04:43:28 AM DEBUG:10 batches took 36.1126012802124 seconds
11/21/2025 04:43:32 AM DEBUG:Predicting on batch 851
11/21/2025 04:43:35 AM DEBUG:Predicting on batch 852
11/21/2025 04:43:39 AM DEBUG:Predicting on batch 853
11/21/2025 04:43:42 AM DEBUG:Predicting on batch 854
11/21/2025 04:43:46 AM DEBUG:Predicting on batch 855
11/21/2025 04:43:50 AM DEBUG:Predicting on batch 856
11/21/2025 04:43:54 AM DEBUG:Predicting on batch 857
11/21/2025 04:43:57 AM DEBUG:Predicting on batch 858
11/21/2025 04:44:01 AM DEBUG:Predicting on batch 859
11/21/2025 04:44:04 AM DEBUG:Predicting on batch 860
11/21/2025 04:44:04 AM DEBUG:860
11/21/2025 04:44:04 AM DEBUG:10 batches took 36.18685555458069 seconds
11/21/2025 04:44:08 AM DEBUG:Predicting on batch 861
11/21/2025 04:44:11 AM DEBUG:Predicting on batch 862
11/21/2025 04:44:15 AM DEBUG:Predicting on batch 863
11/21/2025 04:44:19 AM DEBUG:Predicting on batch 864
11/21/2025 04:44:22 AM DEBUG:Predicting on batch 865
11/21/2025 04:44:26 AM DEBUG:Predicting on batch 866
11/21/2025 04:44:30 AM DEBUG:Predicting on batch 867
11/21/2025 04:44:33 AM DEBUG:Predicting on batch 868
11/21/2025 04:44:37 AM DEBUG:Predicting on batch 869
11/21/2025 04:44:40 AM DEBUG:Predicting on batch 870
11/21/2025 04:44:40 AM DEBUG:870
11/21/2025 04:44:40 AM DEBUG:10 batches took 36.04981827735901 seconds
11/21/2025 04:44:44 AM DEBUG:Predicting on batch 871
11/21/2025 04:44:48 AM DEBUG:Predicting on batch 872
11/21/2025 04:44:51 AM DEBUG:Predicting on batch 873
11/21/2025 04:44:55 AM DEBUG:Predicting on batch 874
11/21/2025 04:44:58 AM DEBUG:Predicting on batch 875
11/21/2025 04:45:02 AM DEBUG:Predicting on batch 876
11/21/2025 04:45:05 AM DEBUG:Predicting on batch 877
11/21/2025 04:45:09 AM DEBUG:Predicting on batch 878
11/21/2025 04:45:13 AM DEBUG:Predicting on batch 879
11/21/2025 04:45:16 AM DEBUG:Predicting on batch 880
11/21/2025 04:45:16 AM DEBUG:880
11/21/2025 04:45:16 AM DEBUG:10 batches took 36.11014986038208 seconds
11/21/2025 04:45:20 AM DEBUG:Predicting on batch 881
11/21/2025 04:45:24 AM DEBUG:Predicting on batch 882
11/21/2025 04:45:27 AM DEBUG:Predicting on batch 883
11/21/2025 04:45:31 AM DEBUG:Predicting on batch 884
11/21/2025 04:45:34 AM DEBUG:Predicting on batch 885
11/21/2025 04:45:38 AM DEBUG:Predicting on batch 886
11/21/2025 04:45:42 AM DEBUG:Predicting on batch 887
11/21/2025 04:45:46 AM DEBUG:Predicting on batch 888
11/21/2025 04:45:50 AM DEBUG:Predicting on batch 889
11/21/2025 04:45:53 AM DEBUG:Predicting on batch 890
11/21/2025 04:45:53 AM DEBUG:890
11/21/2025 04:45:53 AM DEBUG:10 batches took 36.76374530792236 seconds
11/21/2025 04:45:57 AM DEBUG:Predicting on batch 891
11/21/2025 04:46:00 AM DEBUG:Predicting on batch 892
11/21/2025 04:46:04 AM DEBUG:Predicting on batch 893
11/21/2025 04:46:08 AM DEBUG:Predicting on batch 894
11/21/2025 04:46:12 AM DEBUG:Predicting on batch 895
11/21/2025 04:46:15 AM DEBUG:Predicting on batch 896
11/21/2025 04:46:19 AM DEBUG:Predicting on batch 897
11/21/2025 04:46:22 AM DEBUG:Predicting on batch 898
11/21/2025 04:46:26 AM DEBUG:Predicting on batch 899
11/21/2025 04:46:29 AM DEBUG:Predicting on batch 900
11/21/2025 04:46:29 AM DEBUG:900
11/21/2025 04:46:29 AM DEBUG:10 batches took 36.275073289871216 seconds
11/21/2025 04:46:33 AM DEBUG:Predicting on batch 901
11/21/2025 04:46:37 AM DEBUG:Predicting on batch 902
11/21/2025 04:46:41 AM DEBUG:Predicting on batch 903
11/21/2025 04:46:45 AM DEBUG:Predicting on batch 904
11/21/2025 04:46:48 AM DEBUG:Predicting on batch 905
11/21/2025 04:46:52 AM DEBUG:Predicting on batch 906
11/21/2025 04:46:55 AM DEBUG:Predicting on batch 907
11/21/2025 04:46:59 AM DEBUG:Predicting on batch 908
11/21/2025 04:47:03 AM DEBUG:Predicting on batch 909
11/21/2025 04:47:07 AM DEBUG:Predicting on batch 910
11/21/2025 04:47:07 AM DEBUG:910
11/21/2025 04:47:07 AM DEBUG:10 batches took 37.301379919052124 seconds
11/21/2025 04:47:11 AM DEBUG:Predicting on batch 911
11/21/2025 04:47:14 AM DEBUG:Predicting on batch 912
11/21/2025 04:47:18 AM DEBUG:Predicting on batch 913
11/21/2025 04:47:22 AM DEBUG:Predicting on batch 914
11/21/2025 04:47:25 AM DEBUG:Predicting on batch 915
11/21/2025 04:47:29 AM DEBUG:Predicting on batch 916
11/21/2025 04:47:33 AM DEBUG:Predicting on batch 917
11/21/2025 04:47:36 AM DEBUG:Predicting on batch 918
11/21/2025 04:47:40 AM DEBUG:Predicting on batch 919
11/21/2025 04:47:44 AM DEBUG:Predicting on batch 920
11/21/2025 04:47:44 AM DEBUG:920
11/21/2025 04:47:44 AM DEBUG:10 batches took 37.0957510471344 seconds
11/21/2025 04:47:47 AM DEBUG:Predicting on batch 921
11/21/2025 04:47:51 AM DEBUG:Predicting on batch 922
11/21/2025 04:47:55 AM DEBUG:Predicting on batch 923
11/21/2025 04:47:58 AM DEBUG:Predicting on batch 924
11/21/2025 04:48:02 AM DEBUG:Predicting on batch 925
11/21/2025 04:48:06 AM DEBUG:Predicting on batch 926
11/21/2025 04:48:10 AM DEBUG:Predicting on batch 927
11/21/2025 04:48:14 AM DEBUG:Predicting on batch 928
11/21/2025 04:48:17 AM DEBUG:Predicting on batch 929
11/21/2025 04:48:21 AM DEBUG:Predicting on batch 930
11/21/2025 04:48:21 AM DEBUG:930
11/21/2025 04:48:21 AM DEBUG:10 batches took 36.949655532836914 seconds
11/21/2025 04:48:24 AM DEBUG:Predicting on batch 931
11/21/2025 04:48:28 AM DEBUG:Predicting on batch 932
11/21/2025 04:48:32 AM DEBUG:Predicting on batch 933
11/21/2025 04:48:35 AM DEBUG:Predicting on batch 934
11/21/2025 04:48:39 AM DEBUG:Predicting on batch 935
11/21/2025 04:48:43 AM DEBUG:Predicting on batch 936
11/21/2025 04:48:47 AM DEBUG:Predicting on batch 937
11/21/2025 04:48:50 AM DEBUG:Predicting on batch 938
11/21/2025 04:48:54 AM DEBUG:Predicting on batch 939
11/21/2025 04:48:57 AM DEBUG:Predicting on batch 940
11/21/2025 04:48:57 AM DEBUG:940
11/21/2025 04:48:57 AM DEBUG:10 batches took 36.5510528087616 seconds
11/21/2025 04:49:01 AM DEBUG:Predicting on batch 941
11/21/2025 04:49:05 AM DEBUG:Predicting on batch 942
11/21/2025 04:49:09 AM DEBUG:Predicting on batch 943
11/21/2025 04:49:13 AM DEBUG:Predicting on batch 944
11/21/2025 04:49:16 AM DEBUG:Predicting on batch 945
11/21/2025 04:49:20 AM DEBUG:Predicting on batch 946
11/21/2025 04:49:23 AM DEBUG:Predicting on batch 947
11/21/2025 04:49:27 AM DEBUG:Predicting on batch 948
11/21/2025 04:49:31 AM DEBUG:Predicting on batch 949
11/21/2025 04:49:35 AM DEBUG:Predicting on batch 950
11/21/2025 04:49:35 AM DEBUG:950
11/21/2025 04:49:35 AM DEBUG:10 batches took 37.169708490371704 seconds
11/21/2025 04:49:39 AM DEBUG:Predicting on batch 951
11/21/2025 04:49:42 AM DEBUG:Predicting on batch 952
11/21/2025 04:49:46 AM DEBUG:Predicting on batch 953
11/21/2025 04:49:49 AM DEBUG:Predicting on batch 954
11/21/2025 04:49:53 AM DEBUG:Predicting on batch 955
11/21/2025 04:49:57 AM DEBUG:Predicting on batch 956
11/21/2025 04:50:00 AM DEBUG:Predicting on batch 957
11/21/2025 04:50:04 AM DEBUG:Predicting on batch 958
11/21/2025 04:50:08 AM DEBUG:Predicting on batch 959
11/21/2025 04:50:12 AM DEBUG:Predicting on batch 960
11/21/2025 04:50:12 AM DEBUG:960
11/21/2025 04:50:12 AM DEBUG:10 batches took 37.36649560928345 seconds
11/21/2025 04:50:16 AM DEBUG:Predicting on batch 961
11/21/2025 04:50:19 AM DEBUG:Predicting on batch 962
11/21/2025 04:50:23 AM DEBUG:Predicting on batch 963
11/21/2025 04:50:26 AM DEBUG:Predicting on batch 964
11/21/2025 04:50:30 AM DEBUG:Predicting on batch 965
11/21/2025 04:50:33 AM DEBUG:Predicting on batch 966
11/21/2025 04:50:37 AM DEBUG:Predicting on batch 967
11/21/2025 04:50:41 AM DEBUG:Predicting on batch 968
11/21/2025 04:50:45 AM DEBUG:Predicting on batch 969
11/21/2025 04:50:48 AM DEBUG:Predicting on batch 970
11/21/2025 04:50:48 AM DEBUG:970
11/21/2025 04:50:48 AM DEBUG:10 batches took 36.2480263710022 seconds
11/21/2025 04:50:52 AM DEBUG:Predicting on batch 971
11/21/2025 04:50:55 AM DEBUG:Predicting on batch 972
11/21/2025 04:50:59 AM DEBUG:Predicting on batch 973
11/21/2025 04:51:03 AM DEBUG:Predicting on batch 974
11/21/2025 04:51:06 AM DEBUG:Predicting on batch 975
11/21/2025 04:51:10 AM DEBUG:Predicting on batch 976
11/21/2025 04:51:13 AM DEBUG:Predicting on batch 977
11/21/2025 04:51:17 AM DEBUG:Predicting on batch 978
11/21/2025 04:51:21 AM DEBUG:Predicting on batch 979
11/21/2025 04:51:24 AM DEBUG:Predicting on batch 980
11/21/2025 04:51:24 AM DEBUG:980
11/21/2025 04:51:24 AM DEBUG:10 batches took 36.05033493041992 seconds
11/21/2025 04:51:28 AM DEBUG:Predicting on batch 981
11/21/2025 04:51:31 AM DEBUG:Predicting on batch 982
11/21/2025 04:51:35 AM DEBUG:Predicting on batch 983
11/21/2025 04:51:39 AM DEBUG:Predicting on batch 984
11/21/2025 04:51:43 AM DEBUG:Predicting on batch 985
11/21/2025 04:51:46 AM DEBUG:Predicting on batch 986
11/21/2025 04:51:50 AM DEBUG:Predicting on batch 987
11/21/2025 04:51:53 AM DEBUG:Predicting on batch 988
11/21/2025 04:51:57 AM DEBUG:Predicting on batch 989
11/21/2025 04:52:01 AM DEBUG:Predicting on batch 990
11/21/2025 04:52:01 AM DEBUG:990
11/21/2025 04:52:01 AM DEBUG:10 batches took 36.668580055236816 seconds
11/21/2025 04:52:05 AM DEBUG:Predicting on batch 991
11/21/2025 04:52:08 AM DEBUG:Predicting on batch 992
11/21/2025 04:52:12 AM DEBUG:Predicting on batch 993
11/21/2025 04:52:16 AM DEBUG:Predicting on batch 994
11/21/2025 04:52:19 AM DEBUG:Predicting on batch 995
11/21/2025 04:52:23 AM DEBUG:Predicting on batch 996
11/21/2025 04:52:27 AM DEBUG:Predicting on batch 997
11/21/2025 04:52:30 AM DEBUG:Predicting on batch 998
11/21/2025 04:52:34 AM DEBUG:Predicting on batch 999
11/21/2025 04:52:38 AM DEBUG:Predicting on batch 1000
11/21/2025 04:52:38 AM DEBUG:1000
11/21/2025 04:52:38 AM DEBUG:10 batches took 37.20823955535889 seconds
11/21/2025 04:52:38 AM DEBUG:Saving checkpoint at 1000th batch
11/21/2025 04:52:42 AM DEBUG:Predicting on batch 1001
11/21/2025 04:52:46 AM DEBUG:Predicting on batch 1002
11/21/2025 04:52:49 AM DEBUG:Predicting on batch 1003
11/21/2025 04:52:53 AM DEBUG:Predicting on batch 1004
11/21/2025 04:52:57 AM DEBUG:Predicting on batch 1005
11/21/2025 04:53:00 AM DEBUG:Predicting on batch 1006
11/21/2025 04:53:04 AM DEBUG:Predicting on batch 1007
11/21/2025 04:53:08 AM DEBUG:Predicting on batch 1008
11/21/2025 04:53:12 AM DEBUG:Predicting on batch 1009
11/21/2025 04:53:15 AM DEBUG:Predicting on batch 1010
11/21/2025 04:53:15 AM DEBUG:1010
11/21/2025 04:53:15 AM DEBUG:10 batches took 37.23622441291809 seconds
11/21/2025 04:53:19 AM DEBUG:Predicting on batch 1011
11/21/2025 04:53:23 AM DEBUG:Predicting on batch 1012
11/21/2025 04:53:26 AM DEBUG:Predicting on batch 1013
11/21/2025 04:53:30 AM DEBUG:Predicting on batch 1014
11/21/2025 04:53:34 AM DEBUG:Predicting on batch 1015
11/21/2025 04:53:38 AM DEBUG:Predicting on batch 1016
11/21/2025 04:53:41 AM DEBUG:Predicting on batch 1017
11/21/2025 04:53:45 AM DEBUG:Predicting on batch 1018
11/21/2025 04:53:49 AM DEBUG:Predicting on batch 1019
11/21/2025 04:53:52 AM DEBUG:Predicting on batch 1020
11/21/2025 04:53:52 AM DEBUG:1020
11/21/2025 04:53:52 AM DEBUG:10 batches took 37.04578614234924 seconds
11/21/2025 04:53:56 AM DEBUG:Predicting on batch 1021
11/21/2025 04:54:00 AM DEBUG:Predicting on batch 1022
11/21/2025 04:54:04 AM DEBUG:Predicting on batch 1023
11/21/2025 04:54:09 AM DEBUG:Predicting on batch 1024
11/21/2025 04:54:13 AM DEBUG:Predicting on batch 1025
11/21/2025 04:54:17 AM DEBUG:Predicting on batch 1026
11/21/2025 04:54:20 AM DEBUG:Predicting on batch 1027
11/21/2025 04:54:24 AM DEBUG:Predicting on batch 1028
11/21/2025 04:54:27 AM DEBUG:Predicting on batch 1029
11/21/2025 04:54:31 AM DEBUG:Predicting on batch 1030
11/21/2025 04:54:31 AM DEBUG:1030
11/21/2025 04:54:31 AM DEBUG:10 batches took 38.688677072525024 seconds
11/21/2025 04:54:35 AM DEBUG:Predicting on batch 1031
11/21/2025 04:54:39 AM DEBUG:Predicting on batch 1032
11/21/2025 04:54:42 AM DEBUG:Predicting on batch 1033
11/21/2025 04:54:46 AM DEBUG:Predicting on batch 1034
11/21/2025 04:54:49 AM DEBUG:Predicting on batch 1035
11/21/2025 04:54:53 AM DEBUG:Predicting on batch 1036
11/21/2025 04:54:57 AM DEBUG:Predicting on batch 1037
11/21/2025 04:55:00 AM DEBUG:Predicting on batch 1038
11/21/2025 04:55:04 AM DEBUG:Predicting on batch 1039
11/21/2025 04:55:08 AM DEBUG:Predicting on batch 1040
11/21/2025 04:55:08 AM DEBUG:1040
11/21/2025 04:55:08 AM DEBUG:10 batches took 36.727654457092285 seconds
11/21/2025 04:55:11 AM DEBUG:Predicting on batch 1041
11/21/2025 04:55:15 AM DEBUG:Predicting on batch 1042
11/21/2025 04:55:19 AM DEBUG:Predicting on batch 1043
11/21/2025 04:55:22 AM DEBUG:Predicting on batch 1044
11/21/2025 04:55:26 AM DEBUG:Predicting on batch 1045
11/21/2025 04:55:30 AM DEBUG:Predicting on batch 1046
11/21/2025 04:55:33 AM DEBUG:Predicting on batch 1047
11/21/2025 04:55:37 AM DEBUG:Predicting on batch 1048
11/21/2025 04:55:41 AM DEBUG:Predicting on batch 1049
11/21/2025 04:55:44 AM DEBUG:Predicting on batch 1050
11/21/2025 04:55:44 AM DEBUG:1050
11/21/2025 04:55:44 AM DEBUG:10 batches took 36.51262545585632 seconds
11/21/2025 04:55:48 AM DEBUG:Predicting on batch 1051
11/21/2025 04:55:51 AM DEBUG:Predicting on batch 1052
11/21/2025 04:55:55 AM DEBUG:Predicting on batch 1053
11/21/2025 04:55:59 AM DEBUG:Predicting on batch 1054
11/21/2025 04:56:02 AM DEBUG:Predicting on batch 1055
11/21/2025 04:56:06 AM DEBUG:Predicting on batch 1056
11/21/2025 04:56:10 AM DEBUG:Predicting on batch 1057
11/21/2025 04:56:13 AM DEBUG:Predicting on batch 1058
11/21/2025 04:56:17 AM DEBUG:Predicting on batch 1059
11/21/2025 04:56:21 AM DEBUG:Predicting on batch 1060
11/21/2025 04:56:21 AM DEBUG:1060
11/21/2025 04:56:21 AM DEBUG:10 batches took 36.24361848831177 seconds
11/21/2025 04:56:24 AM DEBUG:Predicting on batch 1061
11/21/2025 04:56:28 AM DEBUG:Predicting on batch 1062
11/21/2025 04:56:31 AM DEBUG:Predicting on batch 1063
11/21/2025 04:56:35 AM DEBUG:Predicting on batch 1064
11/21/2025 04:56:39 AM DEBUG:Predicting on batch 1065
11/21/2025 04:56:43 AM DEBUG:Predicting on batch 1066
11/21/2025 04:56:46 AM DEBUG:Predicting on batch 1067
11/21/2025 04:56:50 AM DEBUG:Predicting on batch 1068
11/21/2025 04:56:53 AM DEBUG:Predicting on batch 1069
11/21/2025 04:56:57 AM DEBUG:Predicting on batch 1070
11/21/2025 04:56:57 AM DEBUG:1070
11/21/2025 04:56:57 AM DEBUG:10 batches took 36.62975001335144 seconds
11/21/2025 04:57:01 AM DEBUG:Predicting on batch 1071
11/21/2025 04:57:04 AM DEBUG:Predicting on batch 1072
11/21/2025 04:57:08 AM DEBUG:Predicting on batch 1073
11/21/2025 04:57:12 AM DEBUG:Predicting on batch 1074
11/21/2025 04:57:15 AM DEBUG:Predicting on batch 1075
11/21/2025 04:57:19 AM DEBUG:Predicting on batch 1076
11/21/2025 04:57:22 AM DEBUG:Predicting on batch 1077
11/21/2025 04:57:26 AM DEBUG:Predicting on batch 1078
11/21/2025 04:57:29 AM DEBUG:Predicting on batch 1079
11/21/2025 04:57:33 AM DEBUG:Predicting on batch 1080
11/21/2025 04:57:33 AM DEBUG:1080
11/21/2025 04:57:33 AM DEBUG:10 batches took 35.84957933425903 seconds
11/21/2025 04:57:36 AM DEBUG:Predicting on batch 1081
11/21/2025 04:57:40 AM DEBUG:Predicting on batch 1082
11/21/2025 04:57:44 AM DEBUG:Predicting on batch 1083
11/21/2025 04:57:47 AM DEBUG:Predicting on batch 1084
11/21/2025 04:57:51 AM DEBUG:Predicting on batch 1085
11/21/2025 04:57:55 AM DEBUG:Predicting on batch 1086
11/21/2025 04:57:58 AM DEBUG:Predicting on batch 1087
11/21/2025 04:58:02 AM DEBUG:Predicting on batch 1088
11/21/2025 04:58:05 AM DEBUG:Predicting on batch 1089
11/21/2025 04:58:09 AM DEBUG:Predicting on batch 1090
11/21/2025 04:58:09 AM DEBUG:1090
11/21/2025 04:58:09 AM DEBUG:10 batches took 35.80706214904785 seconds
11/21/2025 04:58:12 AM DEBUG:Predicting on batch 1091
11/21/2025 04:58:16 AM DEBUG:Predicting on batch 1092
11/21/2025 04:58:20 AM DEBUG:Predicting on batch 1093
11/21/2025 04:58:23 AM DEBUG:Predicting on batch 1094
11/21/2025 04:58:27 AM DEBUG:Predicting on batch 1095
11/21/2025 04:58:30 AM DEBUG:Predicting on batch 1096
11/21/2025 04:58:34 AM DEBUG:Predicting on batch 1097
11/21/2025 04:58:38 AM DEBUG:Predicting on batch 1098
11/21/2025 04:58:41 AM DEBUG:Predicting on batch 1099
11/21/2025 04:58:45 AM DEBUG:Predicting on batch 1100
11/21/2025 04:58:45 AM DEBUG:1100
11/21/2025 04:58:45 AM DEBUG:10 batches took 36.115328311920166 seconds
11/21/2025 04:58:48 AM DEBUG:Predicting on batch 1101
11/21/2025 04:58:52 AM DEBUG:Predicting on batch 1102
11/21/2025 04:58:56 AM DEBUG:Predicting on batch 1103
11/21/2025 04:58:59 AM DEBUG:Predicting on batch 1104
11/21/2025 04:59:03 AM DEBUG:Predicting on batch 1105
11/21/2025 04:59:06 AM DEBUG:Predicting on batch 1106
11/21/2025 04:59:10 AM DEBUG:Predicting on batch 1107
11/21/2025 04:59:13 AM DEBUG:Predicting on batch 1108
11/21/2025 04:59:17 AM DEBUG:Predicting on batch 1109
11/21/2025 04:59:20 AM DEBUG:Predicting on batch 1110
11/21/2025 04:59:20 AM DEBUG:1110
11/21/2025 04:59:20 AM DEBUG:10 batches took 35.427603244781494 seconds
11/21/2025 04:59:24 AM DEBUG:Predicting on batch 1111
11/21/2025 04:59:28 AM DEBUG:Predicting on batch 1112
11/21/2025 04:59:31 AM DEBUG:Predicting on batch 1113
11/21/2025 04:59:35 AM DEBUG:Predicting on batch 1114
11/21/2025 04:59:39 AM DEBUG:Predicting on batch 1115
11/21/2025 04:59:42 AM DEBUG:Predicting on batch 1116
11/21/2025 04:59:46 AM DEBUG:Predicting on batch 1117
11/21/2025 04:59:50 AM DEBUG:Predicting on batch 1118
11/21/2025 04:59:53 AM DEBUG:Predicting on batch 1119
11/21/2025 04:59:57 AM DEBUG:Predicting on batch 1120
11/21/2025 04:59:57 AM DEBUG:1120
11/21/2025 04:59:57 AM DEBUG:10 batches took 36.56619572639465 seconds
11/21/2025 05:00:00 AM DEBUG:Predicting on batch 1121
11/21/2025 05:00:04 AM DEBUG:Predicting on batch 1122
11/21/2025 05:00:08 AM DEBUG:Predicting on batch 1123
11/21/2025 05:00:12 AM DEBUG:Predicting on batch 1124
11/21/2025 05:00:15 AM DEBUG:Predicting on batch 1125
11/21/2025 05:00:19 AM DEBUG:Predicting on batch 1126
11/21/2025 05:00:22 AM DEBUG:Predicting on batch 1127
11/21/2025 05:00:26 AM DEBUG:Predicting on batch 1128
11/21/2025 05:00:30 AM DEBUG:Predicting on batch 1129
11/21/2025 05:00:33 AM DEBUG:Predicting on batch 1130
11/21/2025 05:00:33 AM DEBUG:1130
11/21/2025 05:00:33 AM DEBUG:10 batches took 36.32829260826111 seconds
11/21/2025 05:00:37 AM DEBUG:Predicting on batch 1131
11/21/2025 05:00:41 AM DEBUG:Predicting on batch 1132
11/21/2025 05:00:44 AM DEBUG:Predicting on batch 1133
11/21/2025 05:00:48 AM DEBUG:Predicting on batch 1134
11/21/2025 05:00:51 AM DEBUG:Predicting on batch 1135
11/21/2025 05:00:55 AM DEBUG:Predicting on batch 1136
11/21/2025 05:00:59 AM DEBUG:Predicting on batch 1137
11/21/2025 05:01:02 AM DEBUG:Predicting on batch 1138
11/21/2025 05:01:06 AM DEBUG:Predicting on batch 1139
11/21/2025 05:01:10 AM DEBUG:Predicting on batch 1140
11/21/2025 05:01:10 AM DEBUG:1140
11/21/2025 05:01:10 AM DEBUG:10 batches took 36.27252674102783 seconds
11/21/2025 05:01:13 AM DEBUG:Predicting on batch 1141
11/21/2025 05:01:17 AM DEBUG:Predicting on batch 1142
11/21/2025 05:01:20 AM DEBUG:Predicting on batch 1143
11/21/2025 05:01:24 AM DEBUG:Predicting on batch 1144
11/21/2025 05:01:28 AM DEBUG:Predicting on batch 1145
11/21/2025 05:01:31 AM DEBUG:Predicting on batch 1146
11/21/2025 05:01:35 AM DEBUG:Predicting on batch 1147
11/21/2025 05:01:39 AM DEBUG:Predicting on batch 1148
11/21/2025 05:01:42 AM DEBUG:Predicting on batch 1149
11/21/2025 05:01:46 AM DEBUG:Predicting on batch 1150
11/21/2025 05:01:46 AM DEBUG:1150
11/21/2025 05:01:46 AM DEBUG:10 batches took 36.27827715873718 seconds
11/21/2025 05:01:50 AM DEBUG:Predicting on batch 1151
11/21/2025 05:01:53 AM DEBUG:Predicting on batch 1152
11/21/2025 05:01:57 AM DEBUG:Predicting on batch 1153
11/21/2025 05:02:00 AM DEBUG:Predicting on batch 1154
11/21/2025 05:02:04 AM DEBUG:Predicting on batch 1155
11/21/2025 05:02:08 AM DEBUG:Predicting on batch 1156
11/21/2025 05:02:12 AM DEBUG:Predicting on batch 1157
11/21/2025 05:02:15 AM DEBUG:Predicting on batch 1158
11/21/2025 05:02:19 AM DEBUG:Predicting on batch 1159
11/21/2025 05:02:22 AM DEBUG:Predicting on batch 1160
11/21/2025 05:02:22 AM DEBUG:1160
11/21/2025 05:02:22 AM DEBUG:10 batches took 36.517110109329224 seconds
11/21/2025 05:02:26 AM DEBUG:Predicting on batch 1161
11/21/2025 05:02:30 AM DEBUG:Predicting on batch 1162
11/21/2025 05:02:33 AM DEBUG:Predicting on batch 1163
11/21/2025 05:02:37 AM DEBUG:Predicting on batch 1164
11/21/2025 05:02:41 AM DEBUG:Predicting on batch 1165
11/21/2025 05:02:44 AM DEBUG:Predicting on batch 1166
11/21/2025 05:02:48 AM DEBUG:Predicting on batch 1167
11/21/2025 05:02:51 AM DEBUG:Predicting on batch 1168
11/21/2025 05:02:55 AM DEBUG:Predicting on batch 1169
11/21/2025 05:02:59 AM DEBUG:Predicting on batch 1170
11/21/2025 05:02:59 AM DEBUG:1170
11/21/2025 05:02:59 AM DEBUG:10 batches took 36.469144105911255 seconds
11/21/2025 05:03:03 AM DEBUG:Predicting on batch 1171
11/21/2025 05:03:06 AM DEBUG:Predicting on batch 1172
11/21/2025 05:03:10 AM DEBUG:Predicting on batch 1173
11/21/2025 05:03:14 AM DEBUG:Predicting on batch 1174
11/21/2025 05:03:17 AM DEBUG:Predicting on batch 1175
11/21/2025 05:03:21 AM DEBUG:Predicting on batch 1176
11/21/2025 05:03:24 AM DEBUG:Predicting on batch 1177
11/21/2025 05:03:28 AM DEBUG:Predicting on batch 1178
11/21/2025 05:03:32 AM DEBUG:Predicting on batch 1179
11/21/2025 05:03:35 AM DEBUG:Predicting on batch 1180
11/21/2025 05:03:35 AM DEBUG:1180
11/21/2025 05:03:35 AM DEBUG:10 batches took 36.52958011627197 seconds
11/21/2025 05:03:39 AM DEBUG:Predicting on batch 1181
11/21/2025 05:03:43 AM DEBUG:Predicting on batch 1182
11/21/2025 05:03:46 AM DEBUG:Predicting on batch 1183
11/21/2025 05:03:50 AM DEBUG:Predicting on batch 1184
11/21/2025 05:03:53 AM DEBUG:Predicting on batch 1185
11/21/2025 05:03:57 AM DEBUG:Predicting on batch 1186
11/21/2025 05:04:01 AM DEBUG:Predicting on batch 1187
11/21/2025 05:04:04 AM DEBUG:Predicting on batch 1188
11/21/2025 05:04:08 AM DEBUG:Predicting on batch 1189
11/21/2025 05:04:12 AM DEBUG:Predicting on batch 1190
11/21/2025 05:04:12 AM DEBUG:1190
11/21/2025 05:04:12 AM DEBUG:10 batches took 36.388700008392334 seconds
11/21/2025 05:04:15 AM DEBUG:Predicting on batch 1191
11/21/2025 05:04:19 AM DEBUG:Predicting on batch 1192
11/21/2025 05:04:23 AM DEBUG:Predicting on batch 1193
11/21/2025 05:04:26 AM DEBUG:Predicting on batch 1194
11/21/2025 05:04:30 AM DEBUG:Predicting on batch 1195
11/21/2025 05:04:33 AM DEBUG:Predicting on batch 1196
11/21/2025 05:04:37 AM DEBUG:Predicting on batch 1197
11/21/2025 05:04:41 AM DEBUG:Predicting on batch 1198
11/21/2025 05:04:44 AM DEBUG:Predicting on batch 1199
11/21/2025 05:04:48 AM DEBUG:Predicting on batch 1200
11/21/2025 05:04:48 AM DEBUG:1200
11/21/2025 05:04:48 AM DEBUG:10 batches took 36.18909502029419 seconds
11/21/2025 05:04:51 AM DEBUG:Predicting on batch 1201
11/21/2025 05:04:55 AM DEBUG:Predicting on batch 1202
11/21/2025 05:04:59 AM DEBUG:Predicting on batch 1203
11/21/2025 05:05:02 AM DEBUG:Predicting on batch 1204
11/21/2025 05:05:06 AM DEBUG:Predicting on batch 1205
11/21/2025 05:05:10 AM DEBUG:Predicting on batch 1206
11/21/2025 05:05:13 AM DEBUG:Predicting on batch 1207
11/21/2025 05:05:17 AM DEBUG:Predicting on batch 1208
11/21/2025 05:05:20 AM DEBUG:Predicting on batch 1209
11/21/2025 05:05:24 AM DEBUG:Predicting on batch 1210
11/21/2025 05:05:24 AM DEBUG:1210
11/21/2025 05:05:24 AM DEBUG:10 batches took 36.19230580329895 seconds
11/21/2025 05:05:28 AM DEBUG:Predicting on batch 1211
11/21/2025 05:05:32 AM DEBUG:Predicting on batch 1212
11/21/2025 05:05:35 AM DEBUG:Predicting on batch 1213
11/21/2025 05:05:39 AM DEBUG:Predicting on batch 1214
11/21/2025 05:05:42 AM DEBUG:Predicting on batch 1215
11/21/2025 05:05:46 AM DEBUG:Predicting on batch 1216
11/21/2025 05:05:50 AM DEBUG:Predicting on batch 1217
11/21/2025 05:05:53 AM DEBUG:Predicting on batch 1218
11/21/2025 05:05:57 AM DEBUG:Predicting on batch 1219
11/21/2025 05:06:01 AM DEBUG:Predicting on batch 1220
11/21/2025 05:06:01 AM DEBUG:1220
11/21/2025 05:06:01 AM DEBUG:10 batches took 36.628665924072266 seconds
11/21/2025 05:06:04 AM DEBUG:Predicting on batch 1221
11/21/2025 05:06:08 AM DEBUG:Predicting on batch 1222
11/21/2025 05:06:12 AM DEBUG:Predicting on batch 1223
11/21/2025 05:06:15 AM DEBUG:Predicting on batch 1224
11/21/2025 05:06:19 AM DEBUG:Predicting on batch 1225
11/21/2025 05:06:22 AM DEBUG:Predicting on batch 1226
11/21/2025 05:06:26 AM DEBUG:Predicting on batch 1227
11/21/2025 05:06:30 AM DEBUG:Predicting on batch 1228
11/21/2025 05:06:33 AM DEBUG:Predicting on batch 1229
11/21/2025 05:06:37 AM DEBUG:Predicting on batch 1230
11/21/2025 05:06:37 AM DEBUG:1230
11/21/2025 05:06:37 AM DEBUG:10 batches took 36.285160541534424 seconds
11/21/2025 05:06:41 AM DEBUG:Predicting on batch 1231
11/21/2025 05:06:44 AM DEBUG:Predicting on batch 1232
11/21/2025 05:06:48 AM DEBUG:Predicting on batch 1233
11/21/2025 05:06:51 AM DEBUG:Predicting on batch 1234
11/21/2025 05:06:55 AM DEBUG:Predicting on batch 1235
11/21/2025 05:06:59 AM DEBUG:Predicting on batch 1236
11/21/2025 05:07:02 AM DEBUG:Predicting on batch 1237
11/21/2025 05:07:06 AM DEBUG:Predicting on batch 1238
11/21/2025 05:07:10 AM DEBUG:Predicting on batch 1239
11/21/2025 05:07:13 AM DEBUG:Predicting on batch 1240
11/21/2025 05:07:13 AM DEBUG:1240
11/21/2025 05:07:13 AM DEBUG:10 batches took 36.18725514411926 seconds
11/21/2025 05:07:17 AM DEBUG:Predicting on batch 1241
11/21/2025 05:07:20 AM DEBUG:Predicting on batch 1242
11/21/2025 05:07:24 AM DEBUG:Predicting on batch 1243
11/21/2025 05:07:28 AM DEBUG:Predicting on batch 1244
11/21/2025 05:07:31 AM DEBUG:Predicting on batch 1245
11/21/2025 05:07:35 AM DEBUG:Predicting on batch 1246
11/21/2025 05:07:39 AM DEBUG:Predicting on batch 1247
11/21/2025 05:07:42 AM DEBUG:Predicting on batch 1248
11/21/2025 05:07:46 AM DEBUG:Predicting on batch 1249
11/21/2025 05:07:49 AM DEBUG:Predicting on batch 1250
11/21/2025 05:07:49 AM DEBUG:1250
11/21/2025 05:07:49 AM DEBUG:10 batches took 36.23253107070923 seconds
11/21/2025 05:07:53 AM DEBUG:Predicting on batch 1251
11/21/2025 05:07:57 AM DEBUG:Predicting on batch 1252
11/21/2025 05:08:00 AM DEBUG:Predicting on batch 1253
11/21/2025 05:08:04 AM DEBUG:Predicting on batch 1254
11/21/2025 05:08:08 AM DEBUG:Predicting on batch 1255
11/21/2025 05:08:11 AM DEBUG:Predicting on batch 1256
11/21/2025 05:08:15 AM DEBUG:Predicting on batch 1257
11/21/2025 05:08:18 AM DEBUG:Predicting on batch 1258
11/21/2025 05:08:22 AM DEBUG:Predicting on batch 1259
11/21/2025 05:08:26 AM DEBUG:Predicting on batch 1260
11/21/2025 05:08:26 AM DEBUG:1260
11/21/2025 05:08:26 AM DEBUG:10 batches took 36.292163133621216 seconds
11/21/2025 05:08:29 AM DEBUG:Predicting on batch 1261
11/21/2025 05:08:33 AM DEBUG:Predicting on batch 1262
11/21/2025 05:08:36 AM DEBUG:Predicting on batch 1263
11/21/2025 05:08:40 AM DEBUG:Predicting on batch 1264
11/21/2025 05:08:44 AM DEBUG:Predicting on batch 1265
11/21/2025 05:08:47 AM DEBUG:Predicting on batch 1266
11/21/2025 05:08:51 AM DEBUG:Predicting on batch 1267
11/21/2025 05:08:55 AM DEBUG:Predicting on batch 1268
11/21/2025 05:08:58 AM DEBUG:Predicting on batch 1269
11/21/2025 05:09:02 AM DEBUG:Predicting on batch 1270
11/21/2025 05:09:02 AM DEBUG:1270
11/21/2025 05:09:02 AM DEBUG:10 batches took 36.027116775512695 seconds
11/21/2025 05:09:05 AM DEBUG:Predicting on batch 1271
11/21/2025 05:09:09 AM DEBUG:Predicting on batch 1272
11/21/2025 05:09:12 AM DEBUG:Predicting on batch 1273
11/21/2025 05:09:16 AM DEBUG:Predicting on batch 1274
11/21/2025 05:09:20 AM DEBUG:Predicting on batch 1275
11/21/2025 05:09:23 AM DEBUG:Predicting on batch 1276
11/21/2025 05:09:27 AM DEBUG:Predicting on batch 1277
11/21/2025 05:09:31 AM DEBUG:Predicting on batch 1278
11/21/2025 05:09:34 AM DEBUG:Predicting on batch 1279
11/21/2025 05:09:38 AM DEBUG:Predicting on batch 1280
11/21/2025 05:09:38 AM DEBUG:1280
11/21/2025 05:09:38 AM DEBUG:10 batches took 36.00574970245361 seconds
11/21/2025 05:09:41 AM DEBUG:Predicting on batch 1281
11/21/2025 05:09:45 AM DEBUG:Predicting on batch 1282
11/21/2025 05:09:49 AM DEBUG:Predicting on batch 1283
11/21/2025 05:09:52 AM DEBUG:Predicting on batch 1284
11/21/2025 05:09:56 AM DEBUG:Predicting on batch 1285
11/21/2025 05:09:59 AM DEBUG:Predicting on batch 1286
11/21/2025 05:10:03 AM DEBUG:Predicting on batch 1287
11/21/2025 05:10:07 AM DEBUG:Predicting on batch 1288
11/21/2025 05:10:10 AM DEBUG:Predicting on batch 1289
11/21/2025 05:10:14 AM DEBUG:Predicting on batch 1290
11/21/2025 05:10:14 AM DEBUG:1290
11/21/2025 05:10:14 AM DEBUG:10 batches took 36.190239667892456 seconds
11/21/2025 05:10:18 AM DEBUG:Predicting on batch 1291
11/21/2025 05:10:21 AM DEBUG:Predicting on batch 1292
11/21/2025 05:10:25 AM DEBUG:Predicting on batch 1293
11/21/2025 05:10:28 AM DEBUG:Predicting on batch 1294
11/21/2025 05:10:32 AM DEBUG:Predicting on batch 1295
11/21/2025 05:10:36 AM DEBUG:Predicting on batch 1296
11/21/2025 05:10:39 AM DEBUG:Predicting on batch 1297
11/21/2025 05:10:43 AM DEBUG:Predicting on batch 1298
11/21/2025 05:10:46 AM DEBUG:Predicting on batch 1299
11/21/2025 05:10:50 AM DEBUG:Predicting on batch 1300
11/21/2025 05:10:50 AM DEBUG:1300
11/21/2025 05:10:50 AM DEBUG:10 batches took 36.02958393096924 seconds
11/21/2025 05:10:54 AM DEBUG:Predicting on batch 1301
11/21/2025 05:10:57 AM DEBUG:Predicting on batch 1302
11/21/2025 05:11:01 AM DEBUG:Predicting on batch 1303
11/21/2025 05:11:04 AM DEBUG:Predicting on batch 1304
11/21/2025 05:11:08 AM DEBUG:Predicting on batch 1305
11/21/2025 05:11:12 AM DEBUG:Predicting on batch 1306
11/21/2025 05:11:15 AM DEBUG:Predicting on batch 1307
11/21/2025 05:11:19 AM DEBUG:Predicting on batch 1308
11/21/2025 05:11:23 AM DEBUG:Predicting on batch 1309
11/21/2025 05:11:26 AM DEBUG:Predicting on batch 1310
11/21/2025 05:11:26 AM DEBUG:1310
11/21/2025 05:11:26 AM DEBUG:10 batches took 36.23159193992615 seconds
11/21/2025 05:11:30 AM DEBUG:Predicting on batch 1311
11/21/2025 05:11:33 AM DEBUG:Predicting on batch 1312
11/21/2025 05:11:37 AM DEBUG:Predicting on batch 1313
11/21/2025 05:11:40 AM DEBUG:Predicting on batch 1314
11/21/2025 05:11:44 AM DEBUG:Predicting on batch 1315
11/21/2025 05:11:48 AM DEBUG:Predicting on batch 1316
11/21/2025 05:11:52 AM DEBUG:Predicting on batch 1317
11/21/2025 05:11:55 AM DEBUG:Predicting on batch 1318
11/21/2025 05:11:59 AM DEBUG:Predicting on batch 1319
11/21/2025 05:12:02 AM DEBUG:Predicting on batch 1320
11/21/2025 05:12:02 AM DEBUG:1320
11/21/2025 05:12:02 AM DEBUG:10 batches took 36.18418097496033 seconds
11/21/2025 05:12:06 AM DEBUG:Predicting on batch 1321
11/21/2025 05:12:10 AM DEBUG:Predicting on batch 1322
11/21/2025 05:12:13 AM DEBUG:Predicting on batch 1323
11/21/2025 05:12:17 AM DEBUG:Predicting on batch 1324
11/21/2025 05:12:21 AM DEBUG:Predicting on batch 1325
11/21/2025 05:12:24 AM DEBUG:Predicting on batch 1326
11/21/2025 05:12:28 AM DEBUG:Predicting on batch 1327
11/21/2025 05:12:31 AM DEBUG:Predicting on batch 1328
11/21/2025 05:12:35 AM DEBUG:Predicting on batch 1329
11/21/2025 05:12:39 AM DEBUG:Predicting on batch 1330
11/21/2025 05:12:39 AM DEBUG:1330
11/21/2025 05:12:39 AM DEBUG:10 batches took 36.24942994117737 seconds
11/21/2025 05:12:42 AM DEBUG:Predicting on batch 1331
11/21/2025 05:12:46 AM DEBUG:Predicting on batch 1332
11/21/2025 05:12:50 AM DEBUG:Predicting on batch 1333
11/21/2025 05:12:53 AM DEBUG:Predicting on batch 1334
11/21/2025 05:12:57 AM DEBUG:Predicting on batch 1335
11/21/2025 05:13:00 AM DEBUG:Predicting on batch 1336
11/21/2025 05:13:04 AM DEBUG:Predicting on batch 1337
11/21/2025 05:13:08 AM DEBUG:Predicting on batch 1338
11/21/2025 05:13:11 AM DEBUG:Predicting on batch 1339
11/21/2025 05:13:15 AM DEBUG:Predicting on batch 1340
11/21/2025 05:13:15 AM DEBUG:1340
11/21/2025 05:13:15 AM DEBUG:10 batches took 36.30698823928833 seconds
11/21/2025 05:13:19 AM DEBUG:Predicting on batch 1341
11/21/2025 05:13:22 AM DEBUG:Predicting on batch 1342
11/21/2025 05:13:26 AM DEBUG:Predicting on batch 1343
11/21/2025 05:13:29 AM DEBUG:Predicting on batch 1344
11/21/2025 05:13:33 AM DEBUG:Predicting on batch 1345
11/21/2025 05:13:37 AM DEBUG:Predicting on batch 1346
11/21/2025 05:13:40 AM DEBUG:Predicting on batch 1347
11/21/2025 05:13:44 AM DEBUG:Predicting on batch 1348
11/21/2025 05:13:48 AM DEBUG:Predicting on batch 1349
11/21/2025 05:13:51 AM DEBUG:Predicting on batch 1350
11/21/2025 05:13:51 AM DEBUG:1350
11/21/2025 05:13:51 AM DEBUG:10 batches took 36.21035051345825 seconds
11/21/2025 05:13:55 AM DEBUG:Predicting on batch 1351
11/21/2025 05:13:58 AM DEBUG:Predicting on batch 1352
11/21/2025 05:14:02 AM DEBUG:Predicting on batch 1353
11/21/2025 05:14:05 AM DEBUG:Predicting on batch 1354
11/21/2025 05:14:09 AM DEBUG:Predicting on batch 1355
11/21/2025 05:14:13 AM DEBUG:Predicting on batch 1356
11/21/2025 05:14:16 AM DEBUG:Predicting on batch 1357
11/21/2025 05:14:20 AM DEBUG:Predicting on batch 1358
11/21/2025 05:14:23 AM DEBUG:Predicting on batch 1359
11/21/2025 05:14:27 AM DEBUG:Predicting on batch 1360
11/21/2025 05:14:27 AM DEBUG:1360
11/21/2025 05:14:27 AM DEBUG:10 batches took 35.709537982940674 seconds
11/21/2025 05:14:30 AM DEBUG:Predicting on batch 1361
11/21/2025 05:14:34 AM DEBUG:Predicting on batch 1362
11/21/2025 05:14:38 AM DEBUG:Predicting on batch 1363
11/21/2025 05:14:41 AM DEBUG:Predicting on batch 1364
11/21/2025 05:14:45 AM DEBUG:Predicting on batch 1365
11/21/2025 05:14:49 AM DEBUG:Predicting on batch 1366
11/21/2025 05:14:52 AM DEBUG:Predicting on batch 1367
11/21/2025 05:14:55 AM DEBUG:Predicting on batch 1368
11/21/2025 05:14:59 AM DEBUG:Predicting on batch 1369
11/21/2025 05:15:02 AM DEBUG:Predicting on batch 1370
11/21/2025 05:15:02 AM DEBUG:1370
11/21/2025 05:15:02 AM DEBUG:10 batches took 35.34491682052612 seconds
11/21/2025 05:15:06 AM DEBUG:Predicting on batch 1371
11/21/2025 05:15:09 AM DEBUG:Predicting on batch 1372
11/21/2025 05:15:13 AM DEBUG:Predicting on batch 1373
11/21/2025 05:15:16 AM DEBUG:Predicting on batch 1374
11/21/2025 05:15:20 AM DEBUG:Predicting on batch 1375
11/21/2025 05:15:23 AM DEBUG:Predicting on batch 1376
11/21/2025 05:15:27 AM DEBUG:Predicting on batch 1377
11/21/2025 05:15:30 AM DEBUG:Predicting on batch 1378
11/21/2025 05:15:34 AM DEBUG:Predicting on batch 1379
11/21/2025 05:15:38 AM DEBUG:Predicting on batch 1380
11/21/2025 05:15:38 AM DEBUG:1380
11/21/2025 05:15:38 AM DEBUG:10 batches took 35.352622747421265 seconds
11/21/2025 05:15:41 AM DEBUG:Predicting on batch 1381
11/21/2025 05:15:45 AM DEBUG:Predicting on batch 1382
11/21/2025 05:15:48 AM DEBUG:Predicting on batch 1383
11/21/2025 05:15:52 AM DEBUG:Predicting on batch 1384
11/21/2025 05:15:56 AM DEBUG:Predicting on batch 1385
11/21/2025 05:15:59 AM DEBUG:Predicting on batch 1386
11/21/2025 05:16:03 AM DEBUG:Predicting on batch 1387
11/21/2025 05:16:07 AM DEBUG:Predicting on batch 1388
11/21/2025 05:16:10 AM DEBUG:Predicting on batch 1389
11/21/2025 05:16:14 AM DEBUG:Predicting on batch 1390
11/21/2025 05:16:14 AM DEBUG:1390
11/21/2025 05:16:14 AM DEBUG:10 batches took 36.244792461395264 seconds
11/21/2025 05:16:17 AM DEBUG:Predicting on batch 1391
11/21/2025 05:16:21 AM DEBUG:Predicting on batch 1392
11/21/2025 05:16:24 AM DEBUG:Predicting on batch 1393
11/21/2025 05:16:28 AM DEBUG:Predicting on batch 1394
11/21/2025 05:16:32 AM DEBUG:Predicting on batch 1395
11/21/2025 05:16:35 AM DEBUG:Predicting on batch 1396
11/21/2025 05:16:39 AM DEBUG:Predicting on batch 1397
11/21/2025 05:16:42 AM DEBUG:Predicting on batch 1398
11/21/2025 05:16:46 AM DEBUG:Predicting on batch 1399
11/21/2025 05:16:49 AM DEBUG:Predicting on batch 1400
11/21/2025 05:16:49 AM DEBUG:1400
11/21/2025 05:16:49 AM DEBUG:10 batches took 35.23137307167053 seconds
11/21/2025 05:16:52 AM DEBUG:Predicting on batch 1401
11/21/2025 05:16:56 AM DEBUG:Predicting on batch 1402
11/21/2025 05:17:00 AM DEBUG:Predicting on batch 1403
11/21/2025 05:17:04 AM DEBUG:Predicting on batch 1404
11/21/2025 05:17:07 AM DEBUG:Predicting on batch 1405
11/21/2025 05:17:11 AM DEBUG:Predicting on batch 1406
11/21/2025 05:17:14 AM DEBUG:Predicting on batch 1407
11/21/2025 05:17:18 AM DEBUG:Predicting on batch 1408
11/21/2025 05:17:22 AM DEBUG:Predicting on batch 1409
11/21/2025 05:17:26 AM DEBUG:Predicting on batch 1410
11/21/2025 05:17:26 AM DEBUG:1410
11/21/2025 05:17:26 AM DEBUG:10 batches took 36.614593267440796 seconds
11/21/2025 05:17:30 AM DEBUG:Predicting on batch 1411
11/21/2025 05:17:33 AM DEBUG:Predicting on batch 1412
11/21/2025 05:17:37 AM DEBUG:Predicting on batch 1413
11/21/2025 05:17:41 AM DEBUG:Predicting on batch 1414
11/21/2025 05:17:44 AM DEBUG:Predicting on batch 1415
11/21/2025 05:17:48 AM DEBUG:Predicting on batch 1416
11/21/2025 05:17:51 AM DEBUG:Predicting on batch 1417
11/21/2025 05:17:55 AM DEBUG:Predicting on batch 1418
11/21/2025 05:17:59 AM DEBUG:Predicting on batch 1419
11/21/2025 05:18:03 AM DEBUG:Predicting on batch 1420
11/21/2025 05:18:03 AM DEBUG:1420
11/21/2025 05:18:03 AM DEBUG:10 batches took 37.18450593948364 seconds
11/21/2025 05:18:06 AM DEBUG:Predicting on batch 1421
11/21/2025 05:18:10 AM DEBUG:Predicting on batch 1422
11/21/2025 05:18:14 AM DEBUG:Predicting on batch 1423
11/21/2025 05:18:17 AM DEBUG:Predicting on batch 1424
11/21/2025 05:18:21 AM DEBUG:Predicting on batch 1425
11/21/2025 05:18:25 AM DEBUG:Predicting on batch 1426
11/21/2025 05:18:29 AM DEBUG:Predicting on batch 1427
11/21/2025 05:18:33 AM DEBUG:Predicting on batch 1428
11/21/2025 05:18:36 AM DEBUG:Predicting on batch 1429
11/21/2025 05:18:40 AM DEBUG:Predicting on batch 1430
11/21/2025 05:18:40 AM DEBUG:1430
11/21/2025 05:18:40 AM DEBUG:10 batches took 36.887052059173584 seconds
11/21/2025 05:18:43 AM DEBUG:Predicting on batch 1431
11/21/2025 05:18:47 AM DEBUG:Predicting on batch 1432
11/21/2025 05:18:51 AM DEBUG:Predicting on batch 1433
11/21/2025 05:18:54 AM DEBUG:Predicting on batch 1434
11/21/2025 05:18:58 AM DEBUG:Predicting on batch 1435
11/21/2025 05:19:02 AM DEBUG:Predicting on batch 1436
11/21/2025 05:19:05 AM DEBUG:Predicting on batch 1437
11/21/2025 05:19:09 AM DEBUG:Predicting on batch 1438
11/21/2025 05:19:13 AM DEBUG:Predicting on batch 1439
11/21/2025 05:19:16 AM DEBUG:Predicting on batch 1440
11/21/2025 05:19:16 AM DEBUG:1440
11/21/2025 05:19:16 AM DEBUG:10 batches took 36.46926021575928 seconds
11/21/2025 05:19:20 AM DEBUG:Predicting on batch 1441
11/21/2025 05:19:24 AM DEBUG:Predicting on batch 1442
11/21/2025 05:19:28 AM DEBUG:Predicting on batch 1443
11/21/2025 05:19:31 AM DEBUG:Predicting on batch 1444
11/21/2025 05:19:35 AM DEBUG:Predicting on batch 1445
11/21/2025 05:19:39 AM DEBUG:Predicting on batch 1446
11/21/2025 05:19:42 AM DEBUG:Predicting on batch 1447
11/21/2025 05:19:46 AM DEBUG:Predicting on batch 1448
11/21/2025 05:19:49 AM DEBUG:Predicting on batch 1449
11/21/2025 05:19:53 AM DEBUG:Predicting on batch 1450
11/21/2025 05:19:53 AM DEBUG:1450
11/21/2025 05:19:53 AM DEBUG:10 batches took 37.008036851882935 seconds
11/21/2025 05:19:57 AM DEBUG:Predicting on batch 1451
11/21/2025 05:20:01 AM DEBUG:Predicting on batch 1452
11/21/2025 05:20:04 AM DEBUG:Predicting on batch 1453
11/21/2025 05:20:08 AM DEBUG:Predicting on batch 1454
11/21/2025 05:20:12 AM DEBUG:Predicting on batch 1455
11/21/2025 05:20:15 AM DEBUG:Predicting on batch 1456
11/21/2025 05:20:19 AM DEBUG:Predicting on batch 1457
11/21/2025 05:20:23 AM DEBUG:Predicting on batch 1458
11/21/2025 05:20:27 AM DEBUG:Predicting on batch 1459
11/21/2025 05:20:31 AM DEBUG:Predicting on batch 1460
11/21/2025 05:20:31 AM DEBUG:1460
11/21/2025 05:20:31 AM DEBUG:10 batches took 37.50824427604675 seconds
11/21/2025 05:20:34 AM DEBUG:Predicting on batch 1461
11/21/2025 05:20:38 AM DEBUG:Predicting on batch 1462
11/21/2025 05:20:41 AM DEBUG:Predicting on batch 1463
11/21/2025 05:20:44 AM DEBUG:Predicting on batch 1464
11/21/2025 05:20:48 AM DEBUG:Predicting on batch 1465
11/21/2025 05:20:52 AM DEBUG:Predicting on batch 1466
11/21/2025 05:20:56 AM DEBUG:Predicting on batch 1467
11/21/2025 05:20:59 AM DEBUG:Predicting on batch 1468
11/21/2025 05:21:03 AM DEBUG:Predicting on batch 1469
11/21/2025 05:21:07 AM DEBUG:Predicting on batch 1470
11/21/2025 05:21:07 AM DEBUG:1470
11/21/2025 05:21:07 AM DEBUG:10 batches took 36.12890911102295 seconds
11/21/2025 05:21:10 AM DEBUG:Predicting on batch 1471
11/21/2025 05:21:14 AM DEBUG:Predicting on batch 1472
11/21/2025 05:21:18 AM DEBUG:Predicting on batch 1473
11/21/2025 05:21:22 AM DEBUG:Predicting on batch 1474
11/21/2025 05:21:26 AM DEBUG:Predicting on batch 1475
11/21/2025 05:21:29 AM DEBUG:Predicting on batch 1476
11/21/2025 05:21:33 AM DEBUG:Predicting on batch 1477
11/21/2025 05:21:37 AM DEBUG:Predicting on batch 1478
11/21/2025 05:21:40 AM DEBUG:Predicting on batch 1479
11/21/2025 05:21:44 AM DEBUG:Predicting on batch 1480
11/21/2025 05:21:44 AM DEBUG:1480
11/21/2025 05:21:44 AM DEBUG:10 batches took 37.1444206237793 seconds
11/21/2025 05:21:48 AM DEBUG:Predicting on batch 1481
11/21/2025 05:21:51 AM DEBUG:Predicting on batch 1482
11/21/2025 05:21:56 AM DEBUG:Predicting on batch 1483
11/21/2025 05:21:59 AM DEBUG:Predicting on batch 1484
11/21/2025 05:22:03 AM DEBUG:Predicting on batch 1485
11/21/2025 05:22:06 AM DEBUG:Predicting on batch 1486
11/21/2025 05:22:10 AM DEBUG:Predicting on batch 1487
11/21/2025 05:22:13 AM DEBUG:Predicting on batch 1488
11/21/2025 05:22:17 AM DEBUG:Predicting on batch 1489
11/21/2025 05:22:21 AM DEBUG:Predicting on batch 1490
11/21/2025 05:22:21 AM DEBUG:1490
11/21/2025 05:22:21 AM DEBUG:10 batches took 36.9699342250824 seconds
11/21/2025 05:22:25 AM DEBUG:Predicting on batch 1491
11/21/2025 05:22:29 AM DEBUG:Predicting on batch 1492
11/21/2025 05:22:32 AM DEBUG:Predicting on batch 1493
11/21/2025 05:22:36 AM DEBUG:Predicting on batch 1494
11/21/2025 05:22:39 AM DEBUG:Predicting on batch 1495
11/21/2025 05:22:43 AM DEBUG:Predicting on batch 1496
11/21/2025 05:22:46 AM DEBUG:Predicting on batch 1497
11/21/2025 05:22:50 AM DEBUG:Predicting on batch 1498
11/21/2025 05:22:54 AM DEBUG:Predicting on batch 1499
11/21/2025 05:22:58 AM DEBUG:Predicting on batch 1500
11/21/2025 05:22:58 AM DEBUG:1500
11/21/2025 05:22:58 AM DEBUG:10 batches took 36.60685396194458 seconds
11/21/2025 05:23:01 AM DEBUG:Predicting on batch 1501
11/21/2025 05:23:05 AM DEBUG:Predicting on batch 1502
11/21/2025 05:23:08 AM DEBUG:Predicting on batch 1503
11/21/2025 05:23:12 AM DEBUG:Predicting on batch 1504
11/21/2025 05:23:16 AM DEBUG:Predicting on batch 1505
11/21/2025 05:23:20 AM DEBUG:Predicting on batch 1506
11/21/2025 05:23:24 AM DEBUG:Predicting on batch 1507
11/21/2025 05:23:27 AM DEBUG:Predicting on batch 1508
11/21/2025 05:23:31 AM DEBUG:Predicting on batch 1509
11/21/2025 05:23:35 AM DEBUG:Predicting on batch 1510
11/21/2025 05:23:35 AM DEBUG:1510
11/21/2025 05:23:35 AM DEBUG:10 batches took 37.029643535614014 seconds
11/21/2025 05:23:38 AM DEBUG:Predicting on batch 1511
11/21/2025 05:23:42 AM DEBUG:Predicting on batch 1512
11/21/2025 05:23:45 AM DEBUG:Predicting on batch 1513
11/21/2025 05:23:49 AM DEBUG:Predicting on batch 1514
11/21/2025 05:23:53 AM DEBUG:Predicting on batch 1515
11/21/2025 05:23:57 AM DEBUG:Predicting on batch 1516
11/21/2025 05:24:01 AM DEBUG:Predicting on batch 1517
11/21/2025 05:24:04 AM DEBUG:Predicting on batch 1518
11/21/2025 05:24:08 AM DEBUG:Predicting on batch 1519
11/21/2025 05:24:11 AM DEBUG:Predicting on batch 1520
11/21/2025 05:24:11 AM DEBUG:1520
11/21/2025 05:24:11 AM DEBUG:10 batches took 36.87082314491272 seconds
11/21/2025 05:24:15 AM DEBUG:Predicting on batch 1521
11/21/2025 05:24:19 AM DEBUG:Predicting on batch 1522
11/21/2025 05:24:23 AM DEBUG:Predicting on batch 1523
11/21/2025 05:24:28 AM DEBUG:Predicting on batch 1524
11/21/2025 05:24:32 AM DEBUG:Predicting on batch 1525
11/21/2025 05:24:35 AM DEBUG:Predicting on batch 1526
11/21/2025 05:24:39 AM DEBUG:Predicting on batch 1527
11/21/2025 05:24:42 AM DEBUG:Predicting on batch 1528
11/21/2025 05:24:46 AM DEBUG:Predicting on batch 1529
11/21/2025 05:24:49 AM DEBUG:Predicting on batch 1530
11/21/2025 05:24:49 AM DEBUG:1530
11/21/2025 05:24:49 AM DEBUG:10 batches took 37.97017240524292 seconds
11/21/2025 05:24:53 AM DEBUG:Predicting on batch 1531
11/21/2025 05:24:57 AM DEBUG:Predicting on batch 1532
11/21/2025 05:25:00 AM DEBUG:Predicting on batch 1533
11/21/2025 05:25:04 AM DEBUG:Predicting on batch 1534
11/21/2025 05:25:07 AM DEBUG:Predicting on batch 1535
11/21/2025 05:25:11 AM DEBUG:Predicting on batch 1536
11/21/2025 05:25:15 AM DEBUG:Predicting on batch 1537
11/21/2025 05:25:18 AM DEBUG:Predicting on batch 1538
11/21/2025 05:25:22 AM DEBUG:Predicting on batch 1539
11/21/2025 05:25:25 AM DEBUG:Predicting on batch 1540
11/21/2025 05:25:25 AM DEBUG:1540
11/21/2025 05:25:25 AM DEBUG:10 batches took 36.060919761657715 seconds
11/21/2025 05:25:29 AM DEBUG:Predicting on batch 1541
11/21/2025 05:25:33 AM DEBUG:Predicting on batch 1542
11/21/2025 05:25:36 AM DEBUG:Predicting on batch 1543
11/21/2025 05:25:40 AM DEBUG:Predicting on batch 1544
11/21/2025 05:25:44 AM DEBUG:Predicting on batch 1545
11/21/2025 05:25:47 AM DEBUG:Predicting on batch 1546
11/21/2025 05:25:51 AM DEBUG:Predicting on batch 1547
11/21/2025 05:25:54 AM DEBUG:Predicting on batch 1548
11/21/2025 05:25:58 AM DEBUG:Predicting on batch 1549
11/21/2025 05:26:01 AM DEBUG:Predicting on batch 1550
11/21/2025 05:26:01 AM DEBUG:1550
11/21/2025 05:26:01 AM DEBUG:10 batches took 35.63190293312073 seconds
11/21/2025 05:26:05 AM DEBUG:Predicting on batch 1551
11/21/2025 05:26:08 AM DEBUG:Predicting on batch 1552
11/21/2025 05:26:11 AM DEBUG:Predicting on batch 1553
11/21/2025 05:26:15 AM DEBUG:Predicting on batch 1554
11/21/2025 05:26:18 AM DEBUG:Predicting on batch 1555
11/21/2025 05:26:22 AM DEBUG:Predicting on batch 1556
11/21/2025 05:26:25 AM DEBUG:Predicting on batch 1557
11/21/2025 05:26:29 AM DEBUG:Predicting on batch 1558
11/21/2025 05:26:32 AM DEBUG:Predicting on batch 1559
11/21/2025 05:26:36 AM DEBUG:Predicting on batch 1560
11/21/2025 05:26:36 AM DEBUG:1560
11/21/2025 05:26:36 AM DEBUG:10 batches took 34.49108028411865 seconds
11/21/2025 05:26:39 AM DEBUG:Predicting on batch 1561
11/21/2025 05:26:43 AM DEBUG:Predicting on batch 1562
11/21/2025 05:26:47 AM DEBUG:Predicting on batch 1563
11/21/2025 05:26:50 AM DEBUG:Predicting on batch 1564
11/21/2025 05:26:54 AM DEBUG:Predicting on batch 1565
11/21/2025 05:26:58 AM DEBUG:Predicting on batch 1566
11/21/2025 05:27:01 AM DEBUG:Predicting on batch 1567
11/21/2025 05:27:05 AM DEBUG:Predicting on batch 1568
11/21/2025 05:27:08 AM DEBUG:Predicting on batch 1569
11/21/2025 05:27:12 AM DEBUG:Predicting on batch 1570
11/21/2025 05:27:12 AM DEBUG:1570
11/21/2025 05:27:12 AM DEBUG:10 batches took 36.30919337272644 seconds
11/21/2025 05:27:16 AM DEBUG:Predicting on batch 1571
11/21/2025 05:27:19 AM DEBUG:Predicting on batch 1572
11/21/2025 05:27:23 AM DEBUG:Predicting on batch 1573
11/21/2025 05:27:26 AM DEBUG:Predicting on batch 1574
11/21/2025 05:27:30 AM DEBUG:Predicting on batch 1575
11/21/2025 05:27:34 AM DEBUG:Predicting on batch 1576
11/21/2025 05:27:37 AM DEBUG:Predicting on batch 1577
11/21/2025 05:27:41 AM DEBUG:Predicting on batch 1578
11/21/2025 05:27:45 AM DEBUG:Predicting on batch 1579
11/21/2025 05:27:48 AM DEBUG:Predicting on batch 1580
11/21/2025 05:27:48 AM DEBUG:1580
11/21/2025 05:27:48 AM DEBUG:10 batches took 36.45459771156311 seconds
11/21/2025 05:27:52 AM DEBUG:Predicting on batch 1581
11/21/2025 05:27:56 AM DEBUG:Predicting on batch 1582
11/21/2025 05:27:59 AM DEBUG:Predicting on batch 1583
11/21/2025 05:28:03 AM DEBUG:Predicting on batch 1584
11/21/2025 05:28:07 AM DEBUG:Predicting on batch 1585
11/21/2025 05:28:10 AM DEBUG:Predicting on batch 1586
11/21/2025 05:28:14 AM DEBUG:Predicting on batch 1587
11/21/2025 05:28:18 AM DEBUG:Predicting on batch 1588
11/21/2025 05:28:21 AM DEBUG:Predicting on batch 1589
11/21/2025 05:28:25 AM DEBUG:Predicting on batch 1590
11/21/2025 05:28:25 AM DEBUG:1590
11/21/2025 05:28:25 AM DEBUG:10 batches took 36.62754011154175 seconds
11/21/2025 05:28:29 AM DEBUG:Predicting on batch 1591
11/21/2025 05:28:32 AM DEBUG:Predicting on batch 1592
11/21/2025 05:28:36 AM DEBUG:Predicting on batch 1593
11/21/2025 05:28:40 AM DEBUG:Predicting on batch 1594
11/21/2025 05:28:43 AM DEBUG:Predicting on batch 1595
11/21/2025 05:28:47 AM DEBUG:Predicting on batch 1596
11/21/2025 05:28:50 AM DEBUG:Predicting on batch 1597
11/21/2025 05:28:54 AM DEBUG:Predicting on batch 1598
11/21/2025 05:28:58 AM DEBUG:Predicting on batch 1599
11/21/2025 05:29:01 AM DEBUG:Predicting on batch 1600
11/21/2025 05:29:01 AM DEBUG:1600
11/21/2025 05:29:01 AM DEBUG:10 batches took 36.38411068916321 seconds
11/21/2025 05:29:05 AM DEBUG:Predicting on batch 1601
11/21/2025 05:29:09 AM DEBUG:Predicting on batch 1602
11/21/2025 05:29:12 AM DEBUG:Predicting on batch 1603
11/21/2025 05:29:16 AM DEBUG:Predicting on batch 1604
11/21/2025 05:29:20 AM DEBUG:Predicting on batch 1605
11/21/2025 05:29:23 AM DEBUG:Predicting on batch 1606
11/21/2025 05:29:27 AM DEBUG:Predicting on batch 1607
11/21/2025 05:29:31 AM DEBUG:Predicting on batch 1608
11/21/2025 05:29:34 AM DEBUG:Predicting on batch 1609
11/21/2025 05:29:38 AM DEBUG:Predicting on batch 1610
11/21/2025 05:29:38 AM DEBUG:1610
11/21/2025 05:29:38 AM DEBUG:10 batches took 36.53096556663513 seconds
11/21/2025 05:29:41 AM DEBUG:Predicting on batch 1611
11/21/2025 05:29:45 AM DEBUG:Predicting on batch 1612
11/21/2025 05:29:49 AM DEBUG:Predicting on batch 1613
11/21/2025 05:29:53 AM DEBUG:Predicting on batch 1614
11/21/2025 05:29:56 AM DEBUG:Predicting on batch 1615
11/21/2025 05:30:00 AM DEBUG:Predicting on batch 1616
11/21/2025 05:30:04 AM DEBUG:Predicting on batch 1617
11/21/2025 05:30:07 AM DEBUG:Predicting on batch 1618
11/21/2025 05:30:11 AM DEBUG:Predicting on batch 1619
11/21/2025 05:30:14 AM DEBUG:Predicting on batch 1620
11/21/2025 05:30:14 AM DEBUG:1620
11/21/2025 05:30:14 AM DEBUG:10 batches took 36.50483965873718 seconds
11/21/2025 05:30:18 AM DEBUG:Predicting on batch 1621
11/21/2025 05:30:22 AM DEBUG:Predicting on batch 1622
11/21/2025 05:30:25 AM DEBUG:Predicting on batch 1623
11/21/2025 05:30:29 AM DEBUG:Predicting on batch 1624
11/21/2025 05:30:33 AM DEBUG:Predicting on batch 1625
11/21/2025 05:30:36 AM DEBUG:Predicting on batch 1626
11/21/2025 05:30:40 AM DEBUG:Predicting on batch 1627
11/21/2025 05:30:43 AM DEBUG:Predicting on batch 1628
11/21/2025 05:30:47 AM DEBUG:Predicting on batch 1629
11/21/2025 05:30:51 AM DEBUG:Predicting on batch 1630
11/21/2025 05:30:51 AM DEBUG:1630
11/21/2025 05:30:51 AM DEBUG:10 batches took 36.34150767326355 seconds
11/21/2025 05:30:55 AM DEBUG:Predicting on batch 1631
11/21/2025 05:30:58 AM DEBUG:Predicting on batch 1632
11/21/2025 05:31:02 AM DEBUG:Predicting on batch 1633
11/21/2025 05:31:06 AM DEBUG:Predicting on batch 1634
11/21/2025 05:31:09 AM DEBUG:Predicting on batch 1635
11/21/2025 05:31:13 AM DEBUG:Predicting on batch 1636
11/21/2025 05:31:16 AM DEBUG:Predicting on batch 1637
11/21/2025 05:31:20 AM DEBUG:Predicting on batch 1638
11/21/2025 05:31:24 AM DEBUG:Predicting on batch 1639
11/21/2025 05:31:27 AM DEBUG:Predicting on batch 1640
11/21/2025 05:31:27 AM DEBUG:1640
11/21/2025 05:31:27 AM DEBUG:10 batches took 36.47891187667847 seconds
11/21/2025 05:31:31 AM DEBUG:Predicting on batch 1641
11/21/2025 05:31:34 AM DEBUG:Predicting on batch 1642
11/21/2025 05:31:38 AM DEBUG:Predicting on batch 1643
11/21/2025 05:31:41 AM DEBUG:Predicting on batch 1644
11/21/2025 05:31:45 AM DEBUG:Predicting on batch 1645
11/21/2025 05:31:49 AM DEBUG:Predicting on batch 1646
11/21/2025 05:31:52 AM DEBUG:Predicting on batch 1647
11/21/2025 05:31:56 AM DEBUG:Predicting on batch 1648
11/21/2025 05:32:00 AM DEBUG:Predicting on batch 1649
11/21/2025 05:32:04 AM DEBUG:Predicting on batch 1650
11/21/2025 05:32:04 AM DEBUG:1650
11/21/2025 05:32:04 AM DEBUG:10 batches took 36.450228452682495 seconds
11/21/2025 05:32:07 AM DEBUG:Predicting on batch 1651
11/21/2025 05:32:11 AM DEBUG:Predicting on batch 1652
11/21/2025 05:32:15 AM DEBUG:Predicting on batch 1653
11/21/2025 05:32:18 AM DEBUG:Predicting on batch 1654
11/21/2025 05:32:22 AM DEBUG:Predicting on batch 1655
11/21/2025 05:32:26 AM DEBUG:Predicting on batch 1656
11/21/2025 05:32:29 AM DEBUG:Predicting on batch 1657
11/21/2025 05:32:33 AM DEBUG:Predicting on batch 1658
11/21/2025 05:32:36 AM DEBUG:Predicting on batch 1659
11/21/2025 05:32:40 AM DEBUG:Predicting on batch 1660
11/21/2025 05:32:40 AM DEBUG:1660
11/21/2025 05:32:40 AM DEBUG:10 batches took 36.32995343208313 seconds
11/21/2025 05:32:44 AM DEBUG:Predicting on batch 1661
11/21/2025 05:32:47 AM DEBUG:Predicting on batch 1662
11/21/2025 05:32:51 AM DEBUG:Predicting on batch 1663
11/21/2025 05:32:55 AM DEBUG:Predicting on batch 1664
11/21/2025 05:32:58 AM DEBUG:Predicting on batch 1665
11/21/2025 05:33:02 AM DEBUG:Predicting on batch 1666
11/21/2025 05:33:06 AM DEBUG:Predicting on batch 1667
11/21/2025 05:33:09 AM DEBUG:Predicting on batch 1668
11/21/2025 05:33:13 AM DEBUG:Predicting on batch 1669
11/21/2025 05:33:16 AM DEBUG:Predicting on batch 1670
11/21/2025 05:33:16 AM DEBUG:1670
11/21/2025 05:33:16 AM DEBUG:10 batches took 36.40916633605957 seconds
11/21/2025 05:33:20 AM DEBUG:Predicting on batch 1671
11/21/2025 05:33:24 AM DEBUG:Predicting on batch 1672
11/21/2025 05:33:27 AM DEBUG:Predicting on batch 1673
11/21/2025 05:33:31 AM DEBUG:Predicting on batch 1674
11/21/2025 05:33:35 AM DEBUG:Predicting on batch 1675
11/21/2025 05:33:38 AM DEBUG:Predicting on batch 1676
11/21/2025 05:33:42 AM DEBUG:Predicting on batch 1677
11/21/2025 05:33:45 AM DEBUG:Predicting on batch 1678
11/21/2025 05:33:49 AM DEBUG:Predicting on batch 1679
11/21/2025 05:33:53 AM DEBUG:Predicting on batch 1680
11/21/2025 05:33:53 AM DEBUG:1680
11/21/2025 05:33:53 AM DEBUG:10 batches took 36.383220911026 seconds
11/21/2025 05:33:56 AM DEBUG:Predicting on batch 1681
11/21/2025 05:34:00 AM DEBUG:Predicting on batch 1682
11/21/2025 05:34:04 AM DEBUG:Predicting on batch 1683
11/21/2025 05:34:07 AM DEBUG:Predicting on batch 1684
11/21/2025 05:34:11 AM DEBUG:Predicting on batch 1685
11/21/2025 05:34:14 AM DEBUG:Predicting on batch 1686
11/21/2025 05:34:18 AM DEBUG:Predicting on batch 1687
11/21/2025 05:34:22 AM DEBUG:Predicting on batch 1688
11/21/2025 05:34:26 AM DEBUG:Predicting on batch 1689
11/21/2025 05:34:29 AM DEBUG:Predicting on batch 1690
11/21/2025 05:34:29 AM DEBUG:1690
11/21/2025 05:34:29 AM DEBUG:10 batches took 36.33205437660217 seconds
11/21/2025 05:34:33 AM DEBUG:Predicting on batch 1691
11/21/2025 05:34:36 AM DEBUG:Predicting on batch 1692
11/21/2025 05:34:40 AM DEBUG:Predicting on batch 1693
11/21/2025 05:34:43 AM DEBUG:Predicting on batch 1694
11/21/2025 05:34:47 AM DEBUG:Predicting on batch 1695
11/21/2025 05:34:51 AM DEBUG:Predicting on batch 1696
11/21/2025 05:34:54 AM DEBUG:Predicting on batch 1697
11/21/2025 05:34:58 AM DEBUG:Predicting on batch 1698
11/21/2025 05:35:02 AM DEBUG:Predicting on batch 1699
11/21/2025 05:35:05 AM DEBUG:Predicting on batch 1700
11/21/2025 05:35:05 AM DEBUG:1700
11/21/2025 05:35:05 AM DEBUG:10 batches took 36.01055598258972 seconds
11/21/2025 05:35:09 AM DEBUG:Predicting on batch 1701
11/21/2025 05:35:12 AM DEBUG:Predicting on batch 1702
11/21/2025 05:35:16 AM DEBUG:Predicting on batch 1703
11/21/2025 05:35:20 AM DEBUG:Predicting on batch 1704
11/21/2025 05:35:23 AM DEBUG:Predicting on batch 1705
11/21/2025 05:35:27 AM DEBUG:Predicting on batch 1706
11/21/2025 05:35:30 AM DEBUG:Predicting on batch 1707
11/21/2025 05:35:34 AM DEBUG:Predicting on batch 1708
11/21/2025 05:35:38 AM DEBUG:Predicting on batch 1709
11/21/2025 05:35:41 AM DEBUG:Predicting on batch 1710
11/21/2025 05:35:41 AM DEBUG:1710
11/21/2025 05:35:41 AM DEBUG:10 batches took 36.08668279647827 seconds
11/21/2025 05:35:45 AM DEBUG:Predicting on batch 1711
11/21/2025 05:35:49 AM DEBUG:Predicting on batch 1712
11/21/2025 05:35:52 AM DEBUG:Predicting on batch 1713
11/21/2025 05:35:56 AM DEBUG:Predicting on batch 1714
11/21/2025 05:35:59 AM DEBUG:Predicting on batch 1715
11/21/2025 05:36:03 AM DEBUG:Predicting on batch 1716
11/21/2025 05:36:07 AM DEBUG:Predicting on batch 1717
11/21/2025 05:36:10 AM DEBUG:Predicting on batch 1718
11/21/2025 05:36:14 AM DEBUG:Predicting on batch 1719
11/21/2025 05:36:18 AM DEBUG:Predicting on batch 1720
11/21/2025 05:36:18 AM DEBUG:1720
11/21/2025 05:36:18 AM DEBUG:10 batches took 36.346625328063965 seconds
11/21/2025 05:36:21 AM DEBUG:Predicting on batch 1721
11/21/2025 05:36:25 AM DEBUG:Predicting on batch 1722
11/21/2025 05:36:28 AM DEBUG:Predicting on batch 1723
11/21/2025 05:36:32 AM DEBUG:Predicting on batch 1724
11/21/2025 05:36:36 AM DEBUG:Predicting on batch 1725
11/21/2025 05:36:39 AM DEBUG:Predicting on batch 1726
11/21/2025 05:36:43 AM DEBUG:Predicting on batch 1727
11/21/2025 05:36:47 AM DEBUG:Predicting on batch 1728
11/21/2025 05:36:50 AM DEBUG:Predicting on batch 1729
11/21/2025 05:36:54 AM DEBUG:Predicting on batch 1730
11/21/2025 05:36:54 AM DEBUG:1730
11/21/2025 05:36:54 AM DEBUG:10 batches took 36.13185405731201 seconds
11/21/2025 05:36:57 AM DEBUG:Predicting on batch 1731
11/21/2025 05:37:01 AM DEBUG:Predicting on batch 1732
11/21/2025 05:37:04 AM DEBUG:Predicting on batch 1733
11/21/2025 05:37:08 AM DEBUG:Predicting on batch 1734
11/21/2025 05:37:12 AM DEBUG:Predicting on batch 1735
11/21/2025 05:37:15 AM DEBUG:Predicting on batch 1736
11/21/2025 05:37:19 AM DEBUG:Predicting on batch 1737
11/21/2025 05:37:23 AM DEBUG:Predicting on batch 1738
11/21/2025 05:37:26 AM DEBUG:Predicting on batch 1739
11/21/2025 05:37:30 AM DEBUG:Predicting on batch 1740
11/21/2025 05:37:30 AM DEBUG:1740
11/21/2025 05:37:30 AM DEBUG:10 batches took 36.06992268562317 seconds
11/21/2025 05:37:33 AM DEBUG:Predicting on batch 1741
11/21/2025 05:37:37 AM DEBUG:Predicting on batch 1742
11/21/2025 05:37:41 AM DEBUG:Predicting on batch 1743
11/21/2025 05:37:44 AM DEBUG:Predicting on batch 1744
11/21/2025 05:37:48 AM DEBUG:Predicting on batch 1745
11/21/2025 05:37:51 AM DEBUG:Predicting on batch 1746
11/21/2025 05:37:55 AM DEBUG:Predicting on batch 1747
11/21/2025 05:37:59 AM DEBUG:Predicting on batch 1748
11/21/2025 05:38:02 AM DEBUG:Predicting on batch 1749
11/21/2025 05:38:06 AM DEBUG:Predicting on batch 1750
11/21/2025 05:38:06 AM DEBUG:1750
11/21/2025 05:38:06 AM DEBUG:10 batches took 36.10531449317932 seconds
11/21/2025 05:38:09 AM DEBUG:Predicting on batch 1751
11/21/2025 05:38:13 AM DEBUG:Predicting on batch 1752
11/21/2025 05:38:17 AM DEBUG:Predicting on batch 1753
11/21/2025 05:38:20 AM DEBUG:Predicting on batch 1754
11/21/2025 05:38:24 AM DEBUG:Predicting on batch 1755
11/21/2025 05:38:27 AM DEBUG:Predicting on batch 1756
11/21/2025 05:38:31 AM DEBUG:Predicting on batch 1757
11/21/2025 05:38:34 AM DEBUG:Predicting on batch 1758
11/21/2025 05:38:38 AM DEBUG:Predicting on batch 1759
11/21/2025 05:38:42 AM DEBUG:Predicting on batch 1760
11/21/2025 05:38:42 AM DEBUG:1760
11/21/2025 05:38:42 AM DEBUG:10 batches took 35.81170630455017 seconds
11/21/2025 05:38:45 AM DEBUG:Predicting on batch 1761
11/21/2025 05:38:49 AM DEBUG:Predicting on batch 1762
11/21/2025 05:38:52 AM DEBUG:Predicting on batch 1763
11/21/2025 05:38:56 AM DEBUG:Predicting on batch 1764
11/21/2025 05:39:00 AM DEBUG:Predicting on batch 1765
11/21/2025 05:39:03 AM DEBUG:Predicting on batch 1766
11/21/2025 05:39:07 AM DEBUG:Predicting on batch 1767
11/21/2025 05:39:10 AM DEBUG:Predicting on batch 1768
11/21/2025 05:39:14 AM DEBUG:Predicting on batch 1769
11/21/2025 05:39:18 AM DEBUG:Predicting on batch 1770
11/21/2025 05:39:18 AM DEBUG:1770
11/21/2025 05:39:18 AM DEBUG:10 batches took 35.828319787979126 seconds
11/21/2025 05:39:21 AM DEBUG:Predicting on batch 1771
11/21/2025 05:39:25 AM DEBUG:Predicting on batch 1772
11/21/2025 05:39:28 AM DEBUG:Predicting on batch 1773
11/21/2025 05:39:32 AM DEBUG:Predicting on batch 1774
11/21/2025 05:39:35 AM DEBUG:Predicting on batch 1775
11/21/2025 05:39:39 AM DEBUG:Predicting on batch 1776
11/21/2025 05:39:43 AM DEBUG:Predicting on batch 1777
11/21/2025 05:39:46 AM DEBUG:Predicting on batch 1778
11/21/2025 05:39:50 AM DEBUG:Predicting on batch 1779
11/21/2025 05:39:54 AM DEBUG:Predicting on batch 1780
11/21/2025 05:39:54 AM DEBUG:1780
11/21/2025 05:39:54 AM DEBUG:10 batches took 35.98978543281555 seconds
11/21/2025 05:39:57 AM DEBUG:Predicting on batch 1781
11/21/2025 05:40:01 AM DEBUG:Predicting on batch 1782
11/21/2025 05:40:04 AM DEBUG:Predicting on batch 1783
11/21/2025 05:40:08 AM DEBUG:Predicting on batch 1784
11/21/2025 05:40:12 AM DEBUG:Predicting on batch 1785
11/21/2025 05:40:15 AM DEBUG:Predicting on batch 1786
11/21/2025 05:40:19 AM DEBUG:Predicting on batch 1787
11/21/2025 05:40:22 AM DEBUG:Predicting on batch 1788
11/21/2025 05:40:26 AM DEBUG:Predicting on batch 1789
11/21/2025 05:40:29 AM DEBUG:Predicting on batch 1790
11/21/2025 05:40:29 AM DEBUG:1790
11/21/2025 05:40:29 AM DEBUG:10 batches took 35.94915795326233 seconds
11/21/2025 05:40:33 AM DEBUG:Predicting on batch 1791
11/21/2025 05:40:37 AM DEBUG:Predicting on batch 1792
11/21/2025 05:40:40 AM DEBUG:Predicting on batch 1793
11/21/2025 05:40:44 AM DEBUG:Predicting on batch 1794
11/21/2025 05:40:47 AM DEBUG:Predicting on batch 1795
11/21/2025 05:40:51 AM DEBUG:Predicting on batch 1796
11/21/2025 05:40:55 AM DEBUG:Predicting on batch 1797
11/21/2025 05:40:58 AM DEBUG:Predicting on batch 1798
11/21/2025 05:41:02 AM DEBUG:Predicting on batch 1799
11/21/2025 05:41:06 AM DEBUG:Predicting on batch 1800
11/21/2025 05:41:06 AM DEBUG:1800
11/21/2025 05:41:06 AM DEBUG:10 batches took 36.088550329208374 seconds
11/21/2025 05:41:09 AM DEBUG:Predicting on batch 1801
11/21/2025 05:41:13 AM DEBUG:Predicting on batch 1802
11/21/2025 05:41:16 AM DEBUG:Predicting on batch 1803
11/21/2025 05:41:20 AM DEBUG:Predicting on batch 1804
11/21/2025 05:41:23 AM DEBUG:Predicting on batch 1805
11/21/2025 05:41:27 AM DEBUG:Predicting on batch 1806
11/21/2025 05:41:31 AM DEBUG:Predicting on batch 1807
11/21/2025 05:41:34 AM DEBUG:Predicting on batch 1808
11/21/2025 05:41:38 AM DEBUG:Predicting on batch 1809
11/21/2025 05:41:41 AM DEBUG:Predicting on batch 1810
11/21/2025 05:41:41 AM DEBUG:1810
11/21/2025 05:41:41 AM DEBUG:10 batches took 35.904921770095825 seconds
11/21/2025 05:41:45 AM DEBUG:Predicting on batch 1811
11/21/2025 05:41:49 AM DEBUG:Predicting on batch 1812
11/21/2025 05:41:52 AM DEBUG:Predicting on batch 1813
11/21/2025 05:41:56 AM DEBUG:Predicting on batch 1814
11/21/2025 05:41:59 AM DEBUG:Predicting on batch 1815
11/21/2025 05:42:03 AM DEBUG:Predicting on batch 1816
11/21/2025 05:42:07 AM DEBUG:Predicting on batch 1817
11/21/2025 05:42:10 AM DEBUG:Predicting on batch 1818
11/21/2025 05:42:14 AM DEBUG:Predicting on batch 1819
11/21/2025 05:42:17 AM DEBUG:Predicting on batch 1820
11/21/2025 05:42:17 AM DEBUG:1820
11/21/2025 05:42:17 AM DEBUG:10 batches took 35.85119843482971 seconds
11/21/2025 05:42:21 AM DEBUG:Predicting on batch 1821
11/21/2025 05:42:24 AM DEBUG:Predicting on batch 1822
11/21/2025 05:42:28 AM DEBUG:Predicting on batch 1823
11/21/2025 05:42:31 AM DEBUG:Predicting on batch 1824
11/21/2025 05:42:35 AM DEBUG:Predicting on batch 1825
11/21/2025 05:42:38 AM DEBUG:Predicting on batch 1826
11/21/2025 05:42:42 AM DEBUG:Predicting on batch 1827
11/21/2025 05:42:45 AM DEBUG:Predicting on batch 1828
11/21/2025 05:42:49 AM DEBUG:Predicting on batch 1829
11/21/2025 05:42:52 AM DEBUG:Predicting on batch 1830
11/21/2025 05:42:52 AM DEBUG:1830
11/21/2025 05:42:52 AM DEBUG:10 batches took 35.03505229949951 seconds
11/21/2025 05:42:56 AM DEBUG:Predicting on batch 1831
11/21/2025 05:43:00 AM DEBUG:Predicting on batch 1832
11/21/2025 05:43:03 AM DEBUG:Predicting on batch 1833
11/21/2025 05:43:07 AM DEBUG:Predicting on batch 1834
11/21/2025 05:43:10 AM DEBUG:Predicting on batch 1835
11/21/2025 05:43:14 AM DEBUG:Predicting on batch 1836
11/21/2025 05:43:17 AM DEBUG:Predicting on batch 1837
11/21/2025 05:43:21 AM DEBUG:Predicting on batch 1838
11/21/2025 05:43:25 AM DEBUG:Predicting on batch 1839
11/21/2025 05:43:28 AM DEBUG:Predicting on batch 1840
11/21/2025 05:43:28 AM DEBUG:1840
11/21/2025 05:43:28 AM DEBUG:10 batches took 35.86551833152771 seconds
11/21/2025 05:43:32 AM DEBUG:Predicting on batch 1841
11/21/2025 05:43:35 AM DEBUG:Predicting on batch 1842
11/21/2025 05:43:39 AM DEBUG:Predicting on batch 1843
11/21/2025 05:43:43 AM DEBUG:Predicting on batch 1844
11/21/2025 05:43:46 AM DEBUG:Predicting on batch 1845
11/21/2025 05:43:50 AM DEBUG:Predicting on batch 1846
11/21/2025 05:43:53 AM DEBUG:Predicting on batch 1847
11/21/2025 05:43:57 AM DEBUG:Predicting on batch 1848
11/21/2025 05:44:01 AM DEBUG:Predicting on batch 1849
11/21/2025 05:44:04 AM DEBUG:Predicting on batch 1850
11/21/2025 05:44:04 AM DEBUG:1850
11/21/2025 05:44:04 AM DEBUG:10 batches took 35.990440130233765 seconds
11/21/2025 05:44:08 AM DEBUG:Predicting on batch 1851
11/21/2025 05:44:11 AM DEBUG:Predicting on batch 1852
11/21/2025 05:44:15 AM DEBUG:Predicting on batch 1853
11/21/2025 05:44:18 AM DEBUG:Predicting on batch 1854
11/21/2025 05:44:22 AM DEBUG:Predicting on batch 1855
11/21/2025 05:44:26 AM DEBUG:Predicting on batch 1856
11/21/2025 05:44:29 AM DEBUG:Predicting on batch 1857
11/21/2025 05:44:33 AM DEBUG:Predicting on batch 1858
11/21/2025 05:44:37 AM DEBUG:Predicting on batch 1859
11/21/2025 05:44:40 AM DEBUG:Predicting on batch 1860
11/21/2025 05:44:40 AM DEBUG:1860
11/21/2025 05:44:40 AM DEBUG:10 batches took 35.88613224029541 seconds
11/21/2025 05:44:44 AM DEBUG:Predicting on batch 1861
11/21/2025 05:44:47 AM DEBUG:Predicting on batch 1862
11/21/2025 05:44:51 AM DEBUG:Predicting on batch 1863
11/21/2025 05:44:54 AM DEBUG:Predicting on batch 1864
11/21/2025 05:44:58 AM DEBUG:Predicting on batch 1865
11/21/2025 05:45:02 AM DEBUG:Predicting on batch 1866
11/21/2025 05:45:05 AM DEBUG:Predicting on batch 1867
11/21/2025 05:45:09 AM DEBUG:Predicting on batch 1868
11/21/2025 05:45:12 AM DEBUG:Predicting on batch 1869
11/21/2025 05:45:16 AM DEBUG:Predicting on batch 1870
11/21/2025 05:45:16 AM DEBUG:1870
11/21/2025 05:45:16 AM DEBUG:10 batches took 35.710222482681274 seconds
11/21/2025 05:45:19 AM DEBUG:Predicting on batch 1871
11/21/2025 05:45:23 AM DEBUG:Predicting on batch 1872
11/21/2025 05:45:27 AM DEBUG:Predicting on batch 1873
11/21/2025 05:45:30 AM DEBUG:Predicting on batch 1874
11/21/2025 05:45:34 AM DEBUG:Predicting on batch 1875
11/21/2025 05:45:37 AM DEBUG:Predicting on batch 1876
11/21/2025 05:45:41 AM DEBUG:Predicting on batch 1877
11/21/2025 05:45:45 AM DEBUG:Predicting on batch 1878
11/21/2025 05:45:48 AM DEBUG:Predicting on batch 1879
11/21/2025 05:45:52 AM DEBUG:Predicting on batch 1880
11/21/2025 05:45:52 AM DEBUG:1880
11/21/2025 05:45:52 AM DEBUG:10 batches took 36.20753812789917 seconds
11/21/2025 05:45:56 AM DEBUG:Predicting on batch 1881
11/21/2025 05:45:59 AM DEBUG:Predicting on batch 1882
11/21/2025 05:46:03 AM DEBUG:Predicting on batch 1883
11/21/2025 05:46:06 AM DEBUG:Predicting on batch 1884
11/21/2025 05:46:10 AM DEBUG:Predicting on batch 1885
11/21/2025 05:46:14 AM DEBUG:Predicting on batch 1886
11/21/2025 05:46:17 AM DEBUG:Predicting on batch 1887
11/21/2025 05:46:21 AM DEBUG:Predicting on batch 1888
11/21/2025 05:46:25 AM DEBUG:Predicting on batch 1889
11/21/2025 05:46:28 AM DEBUG:Predicting on batch 1890
11/21/2025 05:46:28 AM DEBUG:1890
11/21/2025 05:46:28 AM DEBUG:10 batches took 36.467565298080444 seconds
11/21/2025 05:46:32 AM DEBUG:Predicting on batch 1891
11/21/2025 05:46:36 AM DEBUG:Predicting on batch 1892
11/21/2025 05:46:39 AM DEBUG:Predicting on batch 1893
11/21/2025 05:46:43 AM DEBUG:Predicting on batch 1894
11/21/2025 05:46:47 AM DEBUG:Predicting on batch 1895
11/21/2025 05:46:51 AM DEBUG:Predicting on batch 1896
11/21/2025 05:46:55 AM DEBUG:Predicting on batch 1897
11/21/2025 05:46:58 AM DEBUG:Predicting on batch 1898
11/21/2025 05:47:02 AM DEBUG:Predicting on batch 1899
11/21/2025 05:47:05 AM DEBUG:Predicting on batch 1900
11/21/2025 05:47:05 AM DEBUG:1900
11/21/2025 05:47:05 AM DEBUG:10 batches took 36.95025634765625 seconds
11/21/2025 05:47:09 AM DEBUG:Predicting on batch 1901
11/21/2025 05:47:13 AM DEBUG:Predicting on batch 1902
11/21/2025 05:47:17 AM DEBUG:Predicting on batch 1903
11/21/2025 05:47:21 AM DEBUG:Predicting on batch 1904
11/21/2025 05:47:25 AM DEBUG:Predicting on batch 1905
11/21/2025 05:47:28 AM DEBUG:Predicting on batch 1906
11/21/2025 05:47:32 AM DEBUG:Predicting on batch 1907
11/21/2025 05:47:36 AM DEBUG:Predicting on batch 1908
11/21/2025 05:47:39 AM DEBUG:Predicting on batch 1909
11/21/2025 05:47:43 AM DEBUG:Predicting on batch 1910
11/21/2025 05:47:43 AM DEBUG:1910
11/21/2025 05:47:43 AM DEBUG:10 batches took 37.56534743309021 seconds
11/21/2025 05:47:47 AM DEBUG:Predicting on batch 1911
11/21/2025 05:47:50 AM DEBUG:Predicting on batch 1912
11/21/2025 05:47:54 AM DEBUG:Predicting on batch 1913
11/21/2025 05:47:58 AM DEBUG:Predicting on batch 1914
11/21/2025 05:48:01 AM DEBUG:Predicting on batch 1915
11/21/2025 05:48:05 AM DEBUG:Predicting on batch 1916
11/21/2025 05:48:09 AM DEBUG:Predicting on batch 1917
11/21/2025 05:48:12 AM DEBUG:Predicting on batch 1918
11/21/2025 05:48:16 AM DEBUG:Predicting on batch 1919
11/21/2025 05:48:19 AM DEBUG:Predicting on batch 1920
11/21/2025 05:48:19 AM DEBUG:1920
11/21/2025 05:48:19 AM DEBUG:10 batches took 36.37095522880554 seconds
11/21/2025 05:48:23 AM DEBUG:Predicting on batch 1921
11/21/2025 05:48:26 AM DEBUG:Predicting on batch 1922
11/21/2025 05:48:30 AM DEBUG:Predicting on batch 1923
11/21/2025 05:48:34 AM DEBUG:Predicting on batch 1924
11/21/2025 05:48:38 AM DEBUG:Predicting on batch 1925
11/21/2025 05:48:41 AM DEBUG:Predicting on batch 1926
11/21/2025 05:48:45 AM DEBUG:Predicting on batch 1927
11/21/2025 05:48:50 AM DEBUG:Predicting on batch 1928
11/21/2025 05:48:53 AM DEBUG:Predicting on batch 1929
11/21/2025 05:48:57 AM DEBUG:Predicting on batch 1930
11/21/2025 05:48:57 AM DEBUG:1930
11/21/2025 05:48:57 AM DEBUG:10 batches took 37.613558530807495 seconds
11/21/2025 05:49:01 AM DEBUG:Predicting on batch 1931
11/21/2025 05:49:05 AM DEBUG:Predicting on batch 1932
11/21/2025 05:49:09 AM DEBUG:Predicting on batch 1933
11/21/2025 05:49:13 AM DEBUG:Predicting on batch 1934
11/21/2025 05:49:17 AM DEBUG:Predicting on batch 1935
11/21/2025 05:49:21 AM DEBUG:Predicting on batch 1936
11/21/2025 05:49:25 AM DEBUG:Predicting on batch 1937
11/21/2025 05:49:28 AM DEBUG:Predicting on batch 1938
11/21/2025 05:49:32 AM DEBUG:Predicting on batch 1939
11/21/2025 05:49:36 AM DEBUG:Predicting on batch 1940
11/21/2025 05:49:36 AM DEBUG:1940
11/21/2025 05:49:36 AM DEBUG:10 batches took 39.37796187400818 seconds
11/21/2025 05:49:40 AM DEBUG:Predicting on batch 1941
11/21/2025 05:49:44 AM DEBUG:Predicting on batch 1942
11/21/2025 05:49:48 AM DEBUG:Predicting on batch 1943
11/21/2025 05:49:52 AM DEBUG:Predicting on batch 1944
11/21/2025 05:49:56 AM DEBUG:Predicting on batch 1945
11/21/2025 05:50:00 AM DEBUG:Predicting on batch 1946
11/21/2025 05:50:04 AM DEBUG:Predicting on batch 1947
11/21/2025 05:50:08 AM DEBUG:Predicting on batch 1948
11/21/2025 05:50:12 AM DEBUG:Predicting on batch 1949
11/21/2025 05:50:16 AM DEBUG:Predicting on batch 1950
11/21/2025 05:50:16 AM DEBUG:1950
11/21/2025 05:50:16 AM DEBUG:10 batches took 39.84986877441406 seconds
11/21/2025 05:50:20 AM DEBUG:Predicting on batch 1951
11/21/2025 05:50:24 AM DEBUG:Predicting on batch 1952
11/21/2025 05:50:28 AM DEBUG:Predicting on batch 1953
11/21/2025 05:50:32 AM DEBUG:Predicting on batch 1954
11/21/2025 05:50:36 AM DEBUG:Predicting on batch 1955
11/21/2025 05:50:40 AM DEBUG:Predicting on batch 1956
11/21/2025 05:50:44 AM DEBUG:Predicting on batch 1957
11/21/2025 05:50:48 AM DEBUG:Predicting on batch 1958
11/21/2025 05:50:52 AM DEBUG:Predicting on batch 1959
11/21/2025 05:50:56 AM DEBUG:Predicting on batch 1960
11/21/2025 05:50:56 AM DEBUG:1960
11/21/2025 05:50:56 AM DEBUG:10 batches took 39.77456879615784 seconds
11/21/2025 05:51:00 AM DEBUG:Predicting on batch 1961
11/21/2025 05:51:04 AM DEBUG:Predicting on batch 1962
11/21/2025 05:51:08 AM DEBUG:Predicting on batch 1963
11/21/2025 05:51:12 AM DEBUG:Predicting on batch 1964
11/21/2025 05:51:16 AM DEBUG:Predicting on batch 1965
11/21/2025 05:51:20 AM DEBUG:Predicting on batch 1966
11/21/2025 05:51:24 AM DEBUG:Predicting on batch 1967
11/21/2025 05:51:28 AM DEBUG:Predicting on batch 1968
11/21/2025 05:51:32 AM DEBUG:Predicting on batch 1969
11/21/2025 05:51:36 AM DEBUG:Predicting on batch 1970
11/21/2025 05:51:36 AM DEBUG:1970
11/21/2025 05:51:36 AM DEBUG:10 batches took 40.26675581932068 seconds
11/21/2025 05:51:40 AM DEBUG:Predicting on batch 1971
11/21/2025 05:51:44 AM DEBUG:Predicting on batch 1972
11/21/2025 05:51:48 AM DEBUG:Predicting on batch 1973
11/21/2025 05:51:52 AM DEBUG:Predicting on batch 1974
11/21/2025 05:51:56 AM DEBUG:Predicting on batch 1975
11/21/2025 05:52:00 AM DEBUG:Predicting on batch 1976
11/21/2025 05:52:04 AM DEBUG:Predicting on batch 1977
11/21/2025 05:52:08 AM DEBUG:Predicting on batch 1978
11/21/2025 05:52:12 AM DEBUG:Predicting on batch 1979
11/21/2025 05:52:16 AM DEBUG:Predicting on batch 1980
11/21/2025 05:52:16 AM DEBUG:1980
11/21/2025 05:52:16 AM DEBUG:10 batches took 39.38410401344299 seconds
11/21/2025 05:52:20 AM DEBUG:Predicting on batch 1981
11/21/2025 05:52:24 AM DEBUG:Predicting on batch 1982
11/21/2025 05:52:27 AM DEBUG:Predicting on batch 1983
11/21/2025 05:52:32 AM DEBUG:Predicting on batch 1984
11/21/2025 05:52:36 AM DEBUG:Predicting on batch 1985
11/21/2025 05:52:40 AM DEBUG:Predicting on batch 1986
11/21/2025 05:52:44 AM DEBUG:Predicting on batch 1987
11/21/2025 05:52:48 AM DEBUG:Predicting on batch 1988
11/21/2025 05:52:52 AM DEBUG:Predicting on batch 1989
11/21/2025 05:52:56 AM DEBUG:Predicting on batch 1990
11/21/2025 05:52:56 AM DEBUG:1990
11/21/2025 05:52:56 AM DEBUG:10 batches took 40.04457473754883 seconds
11/21/2025 05:53:00 AM DEBUG:Predicting on batch 1991
11/21/2025 05:53:04 AM DEBUG:Predicting on batch 1992
11/21/2025 05:53:08 AM DEBUG:Predicting on batch 1993
11/21/2025 05:53:12 AM DEBUG:Predicting on batch 1994
11/21/2025 05:53:16 AM DEBUG:Predicting on batch 1995
11/21/2025 05:53:20 AM DEBUG:Predicting on batch 1996
11/21/2025 05:53:24 AM DEBUG:Predicting on batch 1997
11/21/2025 05:53:28 AM DEBUG:Predicting on batch 1998
11/21/2025 05:53:32 AM DEBUG:Predicting on batch 1999
11/21/2025 05:53:36 AM DEBUG:Predicting on batch 2000
11/21/2025 05:53:36 AM DEBUG:2000
11/21/2025 05:53:36 AM DEBUG:10 batches took 40.208879470825195 seconds
11/21/2025 05:53:36 AM DEBUG:Saving checkpoint at 2000th batch
11/21/2025 05:53:40 AM DEBUG:Predicting on batch 2001
11/21/2025 05:53:44 AM DEBUG:Predicting on batch 2002
11/21/2025 05:53:48 AM DEBUG:Predicting on batch 2003
11/21/2025 05:53:52 AM DEBUG:Predicting on batch 2004
11/21/2025 05:53:56 AM DEBUG:Predicting on batch 2005
11/21/2025 05:54:00 AM DEBUG:Predicting on batch 2006
11/21/2025 05:54:03 AM DEBUG:Predicting on batch 2007
11/21/2025 05:54:08 AM DEBUG:Predicting on batch 2008
11/21/2025 05:54:12 AM DEBUG:Predicting on batch 2009
11/21/2025 05:54:16 AM DEBUG:Predicting on batch 2010
11/21/2025 05:54:16 AM DEBUG:2010
11/21/2025 05:54:16 AM DEBUG:10 batches took 39.78824782371521 seconds
11/21/2025 05:54:20 AM DEBUG:Predicting on batch 2011
11/21/2025 05:54:24 AM DEBUG:Predicting on batch 2012
11/21/2025 05:54:28 AM DEBUG:Predicting on batch 2013
11/21/2025 05:54:31 AM DEBUG:Predicting on batch 2014
11/21/2025 05:54:35 AM DEBUG:Predicting on batch 2015
11/21/2025 05:54:40 AM DEBUG:Predicting on batch 2016
11/21/2025 05:54:45 AM DEBUG:Predicting on batch 2017
11/21/2025 05:54:49 AM DEBUG:Predicting on batch 2018
11/21/2025 05:54:52 AM DEBUG:Predicting on batch 2019
11/21/2025 05:54:56 AM DEBUG:Predicting on batch 2020
11/21/2025 05:54:56 AM DEBUG:2020
11/21/2025 05:54:56 AM DEBUG:10 batches took 40.20635747909546 seconds
11/21/2025 05:54:59 AM DEBUG:Predicting on batch 2021
11/21/2025 05:55:03 AM DEBUG:Predicting on batch 2022
11/21/2025 05:55:07 AM DEBUG:Predicting on batch 2023
11/21/2025 05:55:10 AM DEBUG:Predicting on batch 2024
11/21/2025 05:55:14 AM DEBUG:Predicting on batch 2025
11/21/2025 05:55:17 AM DEBUG:Predicting on batch 2026
11/21/2025 05:55:21 AM DEBUG:Predicting on batch 2027
11/21/2025 05:55:25 AM DEBUG:Predicting on batch 2028
11/21/2025 05:55:28 AM DEBUG:Predicting on batch 2029
11/21/2025 05:55:32 AM DEBUG:Predicting on batch 2030
11/21/2025 05:55:32 AM DEBUG:2030
11/21/2025 05:55:32 AM DEBUG:10 batches took 36.08052206039429 seconds
11/21/2025 05:55:36 AM DEBUG:Predicting on batch 2031
11/21/2025 05:55:39 AM DEBUG:Predicting on batch 2032
11/21/2025 05:55:43 AM DEBUG:Predicting on batch 2033
11/21/2025 05:55:46 AM DEBUG:Predicting on batch 2034
11/21/2025 05:55:50 AM DEBUG:Predicting on batch 2035
11/21/2025 05:55:54 AM DEBUG:Predicting on batch 2036
11/21/2025 05:55:57 AM DEBUG:Predicting on batch 2037
11/21/2025 05:56:01 AM DEBUG:Predicting on batch 2038
11/21/2025 05:56:05 AM DEBUG:Predicting on batch 2039
11/21/2025 05:56:08 AM DEBUG:Predicting on batch 2040
11/21/2025 05:56:08 AM DEBUG:2040
11/21/2025 05:56:08 AM DEBUG:10 batches took 36.31812572479248 seconds
11/21/2025 05:56:12 AM DEBUG:Predicting on batch 2041
11/21/2025 05:56:15 AM DEBUG:Predicting on batch 2042
11/21/2025 05:56:19 AM DEBUG:Predicting on batch 2043
11/21/2025 05:56:23 AM DEBUG:Predicting on batch 2044
11/21/2025 05:56:26 AM DEBUG:Predicting on batch 2045
11/21/2025 05:56:30 AM DEBUG:Predicting on batch 2046
11/21/2025 05:56:34 AM DEBUG:Predicting on batch 2047
11/21/2025 05:56:37 AM DEBUG:Predicting on batch 2048
11/21/2025 05:56:41 AM DEBUG:Predicting on batch 2049
11/21/2025 05:56:44 AM DEBUG:Predicting on batch 2050
11/21/2025 05:56:44 AM DEBUG:2050
11/21/2025 05:56:44 AM DEBUG:10 batches took 36.169461488723755 seconds
11/21/2025 05:56:48 AM DEBUG:Predicting on batch 2051
11/21/2025 05:56:52 AM DEBUG:Predicting on batch 2052
11/21/2025 05:56:55 AM DEBUG:Predicting on batch 2053
11/21/2025 05:56:59 AM DEBUG:Predicting on batch 2054
11/21/2025 05:57:03 AM DEBUG:Predicting on batch 2055
11/21/2025 05:57:06 AM DEBUG:Predicting on batch 2056
11/21/2025 05:57:10 AM DEBUG:Predicting on batch 2057
11/21/2025 05:57:13 AM DEBUG:Predicting on batch 2058
11/21/2025 05:57:17 AM DEBUG:Predicting on batch 2059
11/21/2025 05:57:21 AM DEBUG:Predicting on batch 2060
11/21/2025 05:57:21 AM DEBUG:2060
11/21/2025 05:57:21 AM DEBUG:10 batches took 36.08583331108093 seconds
11/21/2025 05:57:24 AM DEBUG:Predicting on batch 2061
11/21/2025 05:57:28 AM DEBUG:Predicting on batch 2062
11/21/2025 05:57:31 AM DEBUG:Predicting on batch 2063
11/21/2025 05:57:35 AM DEBUG:Predicting on batch 2064
11/21/2025 05:57:38 AM DEBUG:Predicting on batch 2065
11/21/2025 05:57:42 AM DEBUG:Predicting on batch 2066
11/21/2025 05:57:45 AM DEBUG:Predicting on batch 2067
11/21/2025 05:57:49 AM DEBUG:Predicting on batch 2068
11/21/2025 05:57:52 AM DEBUG:Predicting on batch 2069
11/21/2025 05:57:56 AM DEBUG:Predicting on batch 2070
11/21/2025 05:57:56 AM DEBUG:2070
11/21/2025 05:57:56 AM DEBUG:10 batches took 35.55666971206665 seconds
11/21/2025 05:58:00 AM DEBUG:Predicting on batch 2071
11/21/2025 05:58:03 AM DEBUG:Predicting on batch 2072
11/21/2025 05:58:07 AM DEBUG:Predicting on batch 2073
11/21/2025 05:58:11 AM DEBUG:Predicting on batch 2074
11/21/2025 05:58:14 AM DEBUG:Predicting on batch 2075
11/21/2025 05:58:18 AM DEBUG:Predicting on batch 2076
11/21/2025 05:58:22 AM DEBUG:Predicting on batch 2077
11/21/2025 05:58:25 AM DEBUG:Predicting on batch 2078
11/21/2025 05:58:29 AM DEBUG:Predicting on batch 2079
11/21/2025 05:58:32 AM DEBUG:Predicting on batch 2080
11/21/2025 05:58:32 AM DEBUG:2080
11/21/2025 05:58:32 AM DEBUG:10 batches took 36.40179252624512 seconds
11/21/2025 05:58:36 AM DEBUG:Predicting on batch 2081
11/21/2025 05:58:40 AM DEBUG:Predicting on batch 2082
11/21/2025 05:58:43 AM DEBUG:Predicting on batch 2083
11/21/2025 05:58:47 AM DEBUG:Predicting on batch 2084
11/21/2025 05:58:51 AM DEBUG:Predicting on batch 2085
11/21/2025 05:58:54 AM DEBUG:Predicting on batch 2086
11/21/2025 05:58:58 AM DEBUG:Predicting on batch 2087
11/21/2025 05:59:02 AM DEBUG:Predicting on batch 2088
11/21/2025 05:59:05 AM DEBUG:Predicting on batch 2089
11/21/2025 05:59:09 AM DEBUG:Predicting on batch 2090
11/21/2025 05:59:09 AM DEBUG:2090
11/21/2025 05:59:09 AM DEBUG:10 batches took 36.370500802993774 seconds
11/21/2025 05:59:13 AM DEBUG:Predicting on batch 2091
11/21/2025 05:59:16 AM DEBUG:Predicting on batch 2092
11/21/2025 05:59:20 AM DEBUG:Predicting on batch 2093
11/21/2025 05:59:24 AM DEBUG:Predicting on batch 2094
11/21/2025 05:59:27 AM DEBUG:Predicting on batch 2095
11/21/2025 05:59:31 AM DEBUG:Predicting on batch 2096
11/21/2025 05:59:35 AM DEBUG:Predicting on batch 2097
11/21/2025 05:59:38 AM DEBUG:Predicting on batch 2098
11/21/2025 05:59:42 AM DEBUG:Predicting on batch 2099
11/21/2025 05:59:45 AM DEBUG:Predicting on batch 2100
11/21/2025 05:59:45 AM DEBUG:2100
11/21/2025 05:59:45 AM DEBUG:10 batches took 36.52710819244385 seconds
11/21/2025 05:59:49 AM DEBUG:Predicting on batch 2101
11/21/2025 05:59:53 AM DEBUG:Predicting on batch 2102
11/21/2025 05:59:56 AM DEBUG:Predicting on batch 2103
11/21/2025 06:00:00 AM DEBUG:Predicting on batch 2104
11/21/2025 06:00:04 AM DEBUG:Predicting on batch 2105
11/21/2025 06:00:07 AM DEBUG:Predicting on batch 2106
11/21/2025 06:00:11 AM DEBUG:Predicting on batch 2107
11/21/2025 06:00:14 AM DEBUG:Predicting on batch 2108
11/21/2025 06:00:18 AM DEBUG:Predicting on batch 2109
11/21/2025 06:00:22 AM DEBUG:Predicting on batch 2110
11/21/2025 06:00:22 AM DEBUG:2110
11/21/2025 06:00:22 AM DEBUG:10 batches took 36.35171914100647 seconds
11/21/2025 06:00:25 AM DEBUG:Predicting on batch 2111
11/21/2025 06:00:29 AM DEBUG:Predicting on batch 2112
11/21/2025 06:00:33 AM DEBUG:Predicting on batch 2113
11/21/2025 06:00:36 AM DEBUG:Predicting on batch 2114
11/21/2025 06:00:40 AM DEBUG:Predicting on batch 2115
11/21/2025 06:00:43 AM DEBUG:Predicting on batch 2116
11/21/2025 06:00:47 AM DEBUG:Predicting on batch 2117
11/21/2025 06:00:51 AM DEBUG:Predicting on batch 2118
11/21/2025 06:00:54 AM DEBUG:Predicting on batch 2119
11/21/2025 06:00:58 AM DEBUG:Predicting on batch 2120
11/21/2025 06:00:58 AM DEBUG:2120
11/21/2025 06:00:58 AM DEBUG:10 batches took 36.20446562767029 seconds
11/21/2025 06:01:01 AM DEBUG:Predicting on batch 2121
11/21/2025 06:01:05 AM DEBUG:Predicting on batch 2122
11/21/2025 06:01:09 AM DEBUG:Predicting on batch 2123
11/21/2025 06:01:12 AM DEBUG:Predicting on batch 2124
11/21/2025 06:01:16 AM DEBUG:Predicting on batch 2125
11/21/2025 06:01:20 AM DEBUG:Predicting on batch 2126
11/21/2025 06:01:23 AM DEBUG:Predicting on batch 2127
11/21/2025 06:01:27 AM DEBUG:Predicting on batch 2128
11/21/2025 06:01:30 AM DEBUG:Predicting on batch 2129
11/21/2025 06:01:34 AM DEBUG:Predicting on batch 2130
11/21/2025 06:01:34 AM DEBUG:2130
11/21/2025 06:01:34 AM DEBUG:10 batches took 35.91262602806091 seconds
11/21/2025 06:01:37 AM DEBUG:Predicting on batch 2131
11/21/2025 06:01:41 AM DEBUG:Predicting on batch 2132
11/21/2025 06:01:45 AM DEBUG:Predicting on batch 2133
11/21/2025 06:01:48 AM DEBUG:Predicting on batch 2134
11/21/2025 06:01:52 AM DEBUG:Predicting on batch 2135
11/21/2025 06:01:56 AM DEBUG:Predicting on batch 2136
11/21/2025 06:01:59 AM DEBUG:Predicting on batch 2137
11/21/2025 06:02:03 AM DEBUG:Predicting on batch 2138
11/21/2025 06:02:06 AM DEBUG:Predicting on batch 2139
11/21/2025 06:02:10 AM DEBUG:Predicting on batch 2140
11/21/2025 06:02:10 AM DEBUG:2140
11/21/2025 06:02:10 AM DEBUG:10 batches took 36.08837294578552 seconds
11/21/2025 06:02:14 AM DEBUG:Predicting on batch 2141
11/21/2025 06:02:17 AM DEBUG:Predicting on batch 2142
11/21/2025 06:02:21 AM DEBUG:Predicting on batch 2143
11/21/2025 06:02:25 AM DEBUG:Predicting on batch 2144
11/21/2025 06:02:28 AM DEBUG:Predicting on batch 2145
11/21/2025 06:02:32 AM DEBUG:Predicting on batch 2146
11/21/2025 06:02:35 AM DEBUG:Predicting on batch 2147
11/21/2025 06:02:39 AM DEBUG:Predicting on batch 2148
11/21/2025 06:02:43 AM DEBUG:Predicting on batch 2149
11/21/2025 06:02:46 AM DEBUG:Predicting on batch 2150
11/21/2025 06:02:46 AM DEBUG:2150
11/21/2025 06:02:46 AM DEBUG:10 batches took 36.386770725250244 seconds
11/21/2025 06:02:50 AM DEBUG:Predicting on batch 2151
11/21/2025 06:02:54 AM DEBUG:Predicting on batch 2152
11/21/2025 06:02:57 AM DEBUG:Predicting on batch 2153
11/21/2025 06:03:01 AM DEBUG:Predicting on batch 2154
11/21/2025 06:03:04 AM DEBUG:Predicting on batch 2155
11/21/2025 06:03:08 AM DEBUG:Predicting on batch 2156
11/21/2025 06:03:11 AM DEBUG:Predicting on batch 2157
11/21/2025 06:03:15 AM DEBUG:Predicting on batch 2158
11/21/2025 06:03:19 AM DEBUG:Predicting on batch 2159
11/21/2025 06:03:22 AM DEBUG:Predicting on batch 2160
11/21/2025 06:03:22 AM DEBUG:2160
11/21/2025 06:03:22 AM DEBUG:10 batches took 35.988359451293945 seconds
11/21/2025 06:03:26 AM DEBUG:Predicting on batch 2161
11/21/2025 06:03:29 AM DEBUG:Predicting on batch 2162
11/21/2025 06:03:33 AM DEBUG:Predicting on batch 2163
11/21/2025 06:03:37 AM DEBUG:Predicting on batch 2164
11/21/2025 06:03:41 AM DEBUG:Predicting on batch 2165
11/21/2025 06:03:44 AM DEBUG:Predicting on batch 2166
11/21/2025 06:03:48 AM DEBUG:Predicting on batch 2167
11/21/2025 06:03:51 AM DEBUG:Predicting on batch 2168
11/21/2025 06:03:55 AM DEBUG:Predicting on batch 2169
11/21/2025 06:03:59 AM DEBUG:Predicting on batch 2170
11/21/2025 06:03:59 AM DEBUG:2170
11/21/2025 06:03:59 AM DEBUG:10 batches took 36.27063322067261 seconds
11/21/2025 06:04:02 AM DEBUG:Predicting on batch 2171
11/21/2025 06:04:06 AM DEBUG:Predicting on batch 2172
11/21/2025 06:04:10 AM DEBUG:Predicting on batch 2173
11/21/2025 06:04:14 AM DEBUG:Predicting on batch 2174
11/21/2025 06:04:17 AM DEBUG:Predicting on batch 2175
11/21/2025 06:04:21 AM DEBUG:Predicting on batch 2176
11/21/2025 06:04:24 AM DEBUG:Predicting on batch 2177
11/21/2025 06:04:28 AM DEBUG:Predicting on batch 2178
11/21/2025 06:04:32 AM DEBUG:Predicting on batch 2179
11/21/2025 06:04:35 AM DEBUG:Predicting on batch 2180
11/21/2025 06:04:35 AM DEBUG:2180
11/21/2025 06:04:35 AM DEBUG:10 batches took 36.709473848342896 seconds
11/21/2025 06:04:39 AM DEBUG:Predicting on batch 2181
11/21/2025 06:04:43 AM DEBUG:Predicting on batch 2182
11/21/2025 06:04:46 AM DEBUG:Predicting on batch 2183
11/21/2025 06:04:50 AM DEBUG:Predicting on batch 2184
11/21/2025 06:04:54 AM DEBUG:Predicting on batch 2185
11/21/2025 06:04:57 AM DEBUG:Predicting on batch 2186
11/21/2025 06:05:01 AM DEBUG:Predicting on batch 2187
11/21/2025 06:05:04 AM DEBUG:Predicting on batch 2188
11/21/2025 06:05:08 AM DEBUG:Predicting on batch 2189
11/21/2025 06:05:12 AM DEBUG:Predicting on batch 2190
11/21/2025 06:05:12 AM DEBUG:2190
11/21/2025 06:05:12 AM DEBUG:10 batches took 36.46503305435181 seconds
11/21/2025 06:05:15 AM DEBUG:Predicting on batch 2191
11/21/2025 06:05:19 AM DEBUG:Predicting on batch 2192
11/21/2025 06:05:23 AM DEBUG:Predicting on batch 2193
11/21/2025 06:05:26 AM DEBUG:Predicting on batch 2194
11/21/2025 06:05:30 AM DEBUG:Predicting on batch 2195
11/21/2025 06:05:33 AM DEBUG:Predicting on batch 2196
11/21/2025 06:05:37 AM DEBUG:Predicting on batch 2197
11/21/2025 06:05:41 AM DEBUG:Predicting on batch 2198
11/21/2025 06:05:44 AM DEBUG:Predicting on batch 2199
11/21/2025 06:05:48 AM DEBUG:Predicting on batch 2200
11/21/2025 06:05:48 AM DEBUG:2200
11/21/2025 06:05:48 AM DEBUG:10 batches took 36.192827224731445 seconds
11/21/2025 06:05:52 AM DEBUG:Predicting on batch 2201
11/21/2025 06:05:55 AM DEBUG:Predicting on batch 2202
11/21/2025 06:05:59 AM DEBUG:Predicting on batch 2203
11/21/2025 06:06:02 AM DEBUG:Predicting on batch 2204
11/21/2025 06:06:06 AM DEBUG:Predicting on batch 2205
11/21/2025 06:06:10 AM DEBUG:Predicting on batch 2206
11/21/2025 06:06:13 AM DEBUG:Predicting on batch 2207
11/21/2025 06:06:17 AM DEBUG:Predicting on batch 2208
11/21/2025 06:06:20 AM DEBUG:Predicting on batch 2209
11/21/2025 06:06:24 AM DEBUG:Predicting on batch 2210
11/21/2025 06:06:24 AM DEBUG:2210
11/21/2025 06:06:24 AM DEBUG:10 batches took 36.14375281333923 seconds
11/21/2025 06:06:28 AM DEBUG:Predicting on batch 2211
11/21/2025 06:06:31 AM DEBUG:Predicting on batch 2212
11/21/2025 06:06:35 AM DEBUG:Predicting on batch 2213
11/21/2025 06:06:39 AM DEBUG:Predicting on batch 2214
11/21/2025 06:06:42 AM DEBUG:Predicting on batch 2215
11/21/2025 06:06:46 AM DEBUG:Predicting on batch 2216
11/21/2025 06:06:49 AM DEBUG:Predicting on batch 2217
11/21/2025 06:06:53 AM DEBUG:Predicting on batch 2218
11/21/2025 06:06:57 AM DEBUG:Predicting on batch 2219
11/21/2025 06:07:00 AM DEBUG:Predicting on batch 2220
11/21/2025 06:07:00 AM DEBUG:2220
11/21/2025 06:07:00 AM DEBUG:10 batches took 35.98607277870178 seconds
11/21/2025 06:07:04 AM DEBUG:Predicting on batch 2221
11/21/2025 06:07:07 AM DEBUG:Predicting on batch 2222
11/21/2025 06:07:11 AM DEBUG:Predicting on batch 2223
11/21/2025 06:07:14 AM DEBUG:Predicting on batch 2224
11/21/2025 06:07:18 AM DEBUG:Predicting on batch 2225
11/21/2025 06:07:21 AM DEBUG:Predicting on batch 2226
11/21/2025 06:07:25 AM DEBUG:Predicting on batch 2227
11/21/2025 06:07:28 AM DEBUG:Predicting on batch 2228
11/21/2025 06:07:32 AM DEBUG:Predicting on batch 2229
11/21/2025 06:07:35 AM DEBUG:Predicting on batch 2230
11/21/2025 06:07:35 AM DEBUG:2230
11/21/2025 06:07:35 AM DEBUG:10 batches took 35.13354992866516 seconds
11/21/2025 06:07:39 AM DEBUG:Predicting on batch 2231
11/21/2025 06:07:42 AM DEBUG:Predicting on batch 2232
11/21/2025 06:07:46 AM DEBUG:Predicting on batch 2233
11/21/2025 06:07:49 AM DEBUG:Predicting on batch 2234
11/21/2025 06:07:53 AM DEBUG:Predicting on batch 2235
11/21/2025 06:07:56 AM DEBUG:Predicting on batch 2236
11/21/2025 06:08:00 AM DEBUG:Predicting on batch 2237
11/21/2025 06:08:03 AM DEBUG:Predicting on batch 2238
11/21/2025 06:08:07 AM DEBUG:Predicting on batch 2239
11/21/2025 06:08:10 AM DEBUG:Predicting on batch 2240
11/21/2025 06:08:10 AM DEBUG:2240
11/21/2025 06:08:10 AM DEBUG:10 batches took 34.88489818572998 seconds
11/21/2025 06:08:14 AM DEBUG:Predicting on batch 2241
11/21/2025 06:08:17 AM DEBUG:Predicting on batch 2242
11/21/2025 06:08:21 AM DEBUG:Predicting on batch 2243
11/21/2025 06:08:24 AM DEBUG:Predicting on batch 2244
11/21/2025 06:08:28 AM DEBUG:Predicting on batch 2245
11/21/2025 06:08:31 AM DEBUG:Predicting on batch 2246
11/21/2025 06:08:34 AM DEBUG:Predicting on batch 2247
11/21/2025 06:08:38 AM DEBUG:Predicting on batch 2248
11/21/2025 06:08:41 AM DEBUG:Predicting on batch 2249
11/21/2025 06:08:45 AM DEBUG:Predicting on batch 2250
11/21/2025 06:08:45 AM DEBUG:2250
11/21/2025 06:08:45 AM DEBUG:10 batches took 34.77115511894226 seconds
11/21/2025 06:08:48 AM DEBUG:Predicting on batch 2251
11/21/2025 06:08:52 AM DEBUG:Predicting on batch 2252
11/21/2025 06:08:56 AM DEBUG:Predicting on batch 2253
11/21/2025 06:08:59 AM DEBUG:Predicting on batch 2254
11/21/2025 06:09:03 AM DEBUG:Predicting on batch 2255
11/21/2025 06:09:06 AM DEBUG:Predicting on batch 2256
11/21/2025 06:09:10 AM DEBUG:Predicting on batch 2257
11/21/2025 06:09:13 AM DEBUG:Predicting on batch 2258
11/21/2025 06:09:16 AM DEBUG:Predicting on batch 2259
11/21/2025 06:09:20 AM DEBUG:Predicting on batch 2260
11/21/2025 06:09:20 AM DEBUG:2260
11/21/2025 06:09:20 AM DEBUG:10 batches took 34.83875560760498 seconds
11/21/2025 06:09:23 AM DEBUG:Predicting on batch 2261
11/21/2025 06:09:27 AM DEBUG:Predicting on batch 2262
11/21/2025 06:09:30 AM DEBUG:Predicting on batch 2263
11/21/2025 06:09:34 AM DEBUG:Predicting on batch 2264
11/21/2025 06:09:38 AM DEBUG:Predicting on batch 2265
11/21/2025 06:09:41 AM DEBUG:Predicting on batch 2266
11/21/2025 06:09:45 AM DEBUG:Predicting on batch 2267
11/21/2025 06:09:48 AM DEBUG:Predicting on batch 2268
11/21/2025 06:09:52 AM DEBUG:Predicting on batch 2269
11/21/2025 06:09:56 AM DEBUG:Predicting on batch 2270
11/21/2025 06:09:56 AM DEBUG:2270
11/21/2025 06:09:56 AM DEBUG:10 batches took 35.90249705314636 seconds
11/21/2025 06:09:59 AM DEBUG:Predicting on batch 2271
11/21/2025 06:10:03 AM DEBUG:Predicting on batch 2272
11/21/2025 06:10:06 AM DEBUG:Predicting on batch 2273
11/21/2025 06:10:12 AM DEBUG:Predicting on batch 2274
11/21/2025 06:10:18 AM DEBUG:Predicting on batch 2275
11/21/2025 06:10:24 AM DEBUG:Predicting on batch 2276
11/21/2025 06:10:28 AM DEBUG:Predicting on batch 2277
11/21/2025 06:10:34 AM DEBUG:Predicting on batch 2278
11/21/2025 06:10:40 AM DEBUG:Predicting on batch 2279
11/21/2025 06:10:46 AM DEBUG:Predicting on batch 2280
11/21/2025 06:10:46 AM DEBUG:2280
11/21/2025 06:10:46 AM DEBUG:10 batches took 50.38729166984558 seconds
11/21/2025 06:10:50 AM DEBUG:Predicting on batch 2281
11/21/2025 06:10:56 AM DEBUG:Predicting on batch 2282
11/21/2025 06:10:59 AM DEBUG:Predicting on batch 2283
11/21/2025 06:11:03 AM DEBUG:Predicting on batch 2284
11/21/2025 06:11:06 AM DEBUG:Predicting on batch 2285
11/21/2025 06:11:09 AM DEBUG:Predicting on batch 2286
11/21/2025 06:11:13 AM DEBUG:Predicting on batch 2287
11/21/2025 06:11:16 AM DEBUG:Predicting on batch 2288
11/21/2025 06:11:20 AM DEBUG:Predicting on batch 2289
11/21/2025 06:11:23 AM DEBUG:Predicting on batch 2290
11/21/2025 06:11:23 AM DEBUG:2290
11/21/2025 06:11:23 AM DEBUG:10 batches took 37.35996699333191 seconds
11/21/2025 06:11:29 AM DEBUG:Predicting on batch 2291
11/21/2025 06:11:35 AM DEBUG:Predicting on batch 2292
11/21/2025 06:11:42 AM DEBUG:Predicting on batch 2293
11/21/2025 06:11:45 AM DEBUG:Predicting on batch 2294
11/21/2025 06:11:51 AM DEBUG:Predicting on batch 2295
11/21/2025 06:11:57 AM DEBUG:Predicting on batch 2296
11/21/2025 06:12:03 AM DEBUG:Predicting on batch 2297
11/21/2025 06:12:09 AM DEBUG:Predicting on batch 2298
11/21/2025 06:12:13 AM DEBUG:Predicting on batch 2299
11/21/2025 06:12:19 AM DEBUG:Predicting on batch 2300
11/21/2025 06:12:19 AM DEBUG:2300
11/21/2025 06:12:19 AM DEBUG:10 batches took 55.27985072135925 seconds
11/21/2025 06:12:25 AM DEBUG:Predicting on batch 2301
11/21/2025 06:12:31 AM DEBUG:Predicting on batch 2302
11/21/2025 06:12:34 AM DEBUG:Predicting on batch 2303
11/21/2025 06:12:40 AM DEBUG:Predicting on batch 2304
11/21/2025 06:12:46 AM DEBUG:Predicting on batch 2305
11/21/2025 06:12:52 AM DEBUG:Predicting on batch 2306
11/21/2025 06:12:56 AM DEBUG:Predicting on batch 2307
11/21/2025 06:13:02 AM DEBUG:Predicting on batch 2308
11/21/2025 06:13:08 AM DEBUG:Predicting on batch 2309
11/21/2025 06:13:14 AM DEBUG:Predicting on batch 2310
11/21/2025 06:13:14 AM DEBUG:2310
11/21/2025 06:13:14 AM DEBUG:10 batches took 55.3787043094635 seconds
11/21/2025 06:13:20 AM DEBUG:Predicting on batch 2311
11/21/2025 06:13:23 AM DEBUG:Predicting on batch 2312
11/21/2025 06:13:27 AM DEBUG:Predicting on batch 2313
11/21/2025 06:13:31 AM DEBUG:Predicting on batch 2314
11/21/2025 06:13:34 AM DEBUG:Predicting on batch 2315
11/21/2025 06:13:40 AM DEBUG:Predicting on batch 2316
11/21/2025 06:13:46 AM DEBUG:Predicting on batch 2317
11/21/2025 06:13:52 AM DEBUG:Predicting on batch 2318
11/21/2025 06:13:58 AM DEBUG:Predicting on batch 2319
11/21/2025 06:14:02 AM DEBUG:Predicting on batch 2320
11/21/2025 06:14:02 AM DEBUG:2320
11/21/2025 06:14:02 AM DEBUG:10 batches took 47.65087008476257 seconds
11/21/2025 06:14:05 AM DEBUG:Predicting on batch 2321
11/21/2025 06:14:11 AM DEBUG:Predicting on batch 2322
11/21/2025 06:14:17 AM DEBUG:Predicting on batch 2323
11/21/2025 06:14:21 AM DEBUG:Predicting on batch 2324
11/21/2025 06:14:27 AM DEBUG:Predicting on batch 2325
11/21/2025 06:14:33 AM DEBUG:Predicting on batch 2326
11/21/2025 06:14:39 AM DEBUG:Predicting on batch 2327
11/21/2025 06:14:45 AM DEBUG:Predicting on batch 2328
11/21/2025 06:14:49 AM DEBUG:Predicting on batch 2329
11/21/2025 06:14:55 AM DEBUG:Predicting on batch 2330
11/21/2025 06:14:55 AM DEBUG:2330
11/21/2025 06:14:55 AM DEBUG:10 batches took 52.838571548461914 seconds
11/21/2025 06:14:58 AM DEBUG:Predicting on batch 2331
11/21/2025 06:15:02 AM DEBUG:Predicting on batch 2332
11/21/2025 06:15:05 AM DEBUG:Predicting on batch 2333
11/21/2025 06:15:11 AM DEBUG:Predicting on batch 2334
11/21/2025 06:15:15 AM DEBUG:Predicting on batch 2335
11/21/2025 06:15:21 AM DEBUG:Predicting on batch 2336
11/21/2025 06:15:27 AM DEBUG:Predicting on batch 2337
11/21/2025 06:15:33 AM DEBUG:Predicting on batch 2338
11/21/2025 06:15:39 AM DEBUG:Predicting on batch 2339
11/21/2025 06:15:45 AM DEBUG:Predicting on batch 2340
11/21/2025 06:15:45 AM DEBUG:2340
11/21/2025 06:15:45 AM DEBUG:10 batches took 50.40431261062622 seconds
11/21/2025 06:15:49 AM DEBUG:Predicting on batch 2341
11/21/2025 06:15:52 AM DEBUG:Predicting on batch 2342
11/21/2025 06:15:58 AM DEBUG:Predicting on batch 2343
11/21/2025 06:16:04 AM DEBUG:Predicting on batch 2344
11/21/2025 06:16:08 AM DEBUG:Predicting on batch 2345
11/21/2025 06:16:11 AM DEBUG:Predicting on batch 2346
11/21/2025 06:16:17 AM DEBUG:Predicting on batch 2347
11/21/2025 06:16:21 AM DEBUG:Predicting on batch 2348
11/21/2025 06:16:28 AM DEBUG:Predicting on batch 2349
11/21/2025 06:16:31 AM DEBUG:Predicting on batch 2350
11/21/2025 06:16:31 AM DEBUG:2350
11/21/2025 06:16:31 AM DEBUG:10 batches took 46.25457429885864 seconds
11/21/2025 06:16:35 AM DEBUG:Predicting on batch 2351
11/21/2025 06:16:41 AM DEBUG:Predicting on batch 2352
11/21/2025 06:16:47 AM DEBUG:Predicting on batch 2353
11/21/2025 06:16:53 AM DEBUG:Predicting on batch 2354
11/21/2025 06:16:59 AM DEBUG:Predicting on batch 2355
11/21/2025 06:17:06 AM DEBUG:Predicting on batch 2356
11/21/2025 06:17:12 AM DEBUG:Predicting on batch 2357
11/21/2025 06:17:18 AM DEBUG:Predicting on batch 2358
11/21/2025 06:17:24 AM DEBUG:Predicting on batch 2359
11/21/2025 06:17:30 AM DEBUG:Predicting on batch 2360
11/21/2025 06:17:30 AM DEBUG:2360
11/21/2025 06:17:30 AM DEBUG:10 batches took 58.80008840560913 seconds
11/21/2025 06:17:36 AM DEBUG:Predicting on batch 2361
11/21/2025 06:17:42 AM DEBUG:Predicting on batch 2362
11/21/2025 06:17:49 AM DEBUG:Predicting on batch 2363
11/21/2025 06:17:53 AM DEBUG:Predicting on batch 2364
11/21/2025 06:17:56 AM DEBUG:Predicting on batch 2365
11/21/2025 06:18:03 AM DEBUG:Predicting on batch 2366
11/21/2025 06:18:06 AM DEBUG:Predicting on batch 2367
11/21/2025 06:18:10 AM DEBUG:Predicting on batch 2368
11/21/2025 06:18:16 AM DEBUG:Predicting on batch 2369
11/21/2025 06:18:20 AM DEBUG:Predicting on batch 2370
11/21/2025 06:18:20 AM DEBUG:2370
11/21/2025 06:18:20 AM DEBUG:10 batches took 49.812350273132324 seconds
11/21/2025 06:18:26 AM DEBUG:Predicting on batch 2371
11/21/2025 06:18:30 AM DEBUG:Predicting on batch 2372
11/21/2025 06:18:36 AM DEBUG:Predicting on batch 2373
11/21/2025 06:18:42 AM DEBUG:Predicting on batch 2374
11/21/2025 06:18:48 AM DEBUG:Predicting on batch 2375
11/21/2025 06:18:52 AM DEBUG:Predicting on batch 2376
11/21/2025 06:18:59 AM DEBUG:Predicting on batch 2377
11/21/2025 06:19:05 AM DEBUG:Predicting on batch 2378
11/21/2025 06:19:11 AM DEBUG:Predicting on batch 2379
11/21/2025 06:19:17 AM DEBUG:Predicting on batch 2380
11/21/2025 06:19:17 AM DEBUG:2380
11/21/2025 06:19:17 AM DEBUG:10 batches took 57.68093156814575 seconds
11/21/2025 06:19:24 AM DEBUG:Predicting on batch 2381
11/21/2025 06:19:30 AM DEBUG:Predicting on batch 2382
11/21/2025 06:19:36 AM DEBUG:Predicting on batch 2383
11/21/2025 06:19:40 AM DEBUG:Predicting on batch 2384
11/21/2025 06:19:43 AM DEBUG:Predicting on batch 2385
11/21/2025 06:19:49 AM DEBUG:Predicting on batch 2386
11/21/2025 06:19:55 AM DEBUG:Predicting on batch 2387
11/21/2025 06:20:01 AM DEBUG:Predicting on batch 2388
11/21/2025 06:20:05 AM DEBUG:Predicting on batch 2389
11/21/2025 06:20:11 AM DEBUG:Predicting on batch 2390
11/21/2025 06:20:11 AM DEBUG:2390
11/21/2025 06:20:11 AM DEBUG:10 batches took 53.715999126434326 seconds
11/21/2025 06:20:15 AM DEBUG:Predicting on batch 2391
11/21/2025 06:20:19 AM DEBUG:Predicting on batch 2392
11/21/2025 06:20:25 AM DEBUG:Predicting on batch 2393
11/21/2025 06:20:29 AM DEBUG:Predicting on batch 2394
11/21/2025 06:20:35 AM DEBUG:Predicting on batch 2395
11/21/2025 06:20:39 AM DEBUG:Predicting on batch 2396
11/21/2025 06:20:45 AM DEBUG:Predicting on batch 2397
11/21/2025 06:20:51 AM DEBUG:Predicting on batch 2398
11/21/2025 06:20:58 AM DEBUG:Predicting on batch 2399
11/21/2025 06:21:04 AM DEBUG:Predicting on batch 2400
11/21/2025 06:21:04 AM DEBUG:2400
11/21/2025 06:21:04 AM DEBUG:10 batches took 52.72593331336975 seconds
11/21/2025 06:21:08 AM DEBUG:Predicting on batch 2401
11/21/2025 06:21:12 AM DEBUG:Predicting on batch 2402
11/21/2025 06:21:16 AM DEBUG:Predicting on batch 2403
11/21/2025 06:21:20 AM DEBUG:Predicting on batch 2404
11/21/2025 06:21:26 AM DEBUG:Predicting on batch 2405
11/21/2025 06:21:32 AM DEBUG:Predicting on batch 2406
11/21/2025 06:21:38 AM DEBUG:Predicting on batch 2407
11/21/2025 06:21:42 AM DEBUG:Predicting on batch 2408
11/21/2025 06:21:49 AM DEBUG:Predicting on batch 2409
11/21/2025 06:21:55 AM DEBUG:Predicting on batch 2410
11/21/2025 06:21:55 AM DEBUG:2410
11/21/2025 06:21:55 AM DEBUG:10 batches took 51.025315284729004 seconds
11/21/2025 06:22:01 AM DEBUG:Predicting on batch 2411
11/21/2025 06:22:08 AM DEBUG:Predicting on batch 2412
11/21/2025 06:22:12 AM DEBUG:Predicting on batch 2413
11/21/2025 06:22:18 AM DEBUG:Predicting on batch 2414
11/21/2025 06:22:24 AM DEBUG:Predicting on batch 2415
11/21/2025 06:22:31 AM DEBUG:Predicting on batch 2416
11/21/2025 06:22:35 AM DEBUG:Predicting on batch 2417
11/21/2025 06:22:41 AM DEBUG:Predicting on batch 2418
11/21/2025 06:22:47 AM DEBUG:Predicting on batch 2419
11/21/2025 06:22:54 AM DEBUG:Predicting on batch 2420
11/21/2025 06:22:54 AM DEBUG:2420
11/21/2025 06:22:54 AM DEBUG:10 batches took 58.66285967826843 seconds
11/21/2025 06:23:00 AM DEBUG:Predicting on batch 2421
11/21/2025 06:23:06 AM DEBUG:Predicting on batch 2422
11/21/2025 06:23:13 AM DEBUG:Predicting on batch 2423
11/21/2025 06:23:17 AM DEBUG:Predicting on batch 2424
11/21/2025 06:23:21 AM DEBUG:Predicting on batch 2425
11/21/2025 06:23:25 AM DEBUG:Predicting on batch 2426
11/21/2025 06:23:28 AM DEBUG:Predicting on batch 2427
11/21/2025 06:23:35 AM DEBUG:Predicting on batch 2428
11/21/2025 06:23:41 AM DEBUG:Predicting on batch 2429
11/21/2025 06:23:48 AM DEBUG:Predicting on batch 2430
11/21/2025 06:23:48 AM DEBUG:2430
11/21/2025 06:23:48 AM DEBUG:10 batches took 53.9710578918457 seconds
11/21/2025 06:23:52 AM DEBUG:Predicting on batch 2431
11/21/2025 06:23:56 AM DEBUG:Predicting on batch 2432
11/21/2025 06:24:00 AM DEBUG:Predicting on batch 2433
11/21/2025 06:24:06 AM DEBUG:Predicting on batch 2434
11/21/2025 06:24:12 AM DEBUG:Predicting on batch 2435
11/21/2025 06:24:18 AM DEBUG:Predicting on batch 2436
11/21/2025 06:24:25 AM DEBUG:Predicting on batch 2437
11/21/2025 06:24:29 AM DEBUG:Predicting on batch 2438
11/21/2025 06:24:35 AM DEBUG:Predicting on batch 2439
11/21/2025 06:24:42 AM DEBUG:Predicting on batch 2440
11/21/2025 06:24:42 AM DEBUG:2440
11/21/2025 06:24:42 AM DEBUG:10 batches took 53.95103144645691 seconds
11/21/2025 06:24:48 AM DEBUG:Predicting on batch 2441
11/21/2025 06:24:54 AM DEBUG:Predicting on batch 2442
11/21/2025 06:24:58 AM DEBUG:Predicting on batch 2443
11/21/2025 06:25:02 AM DEBUG:Predicting on batch 2444
11/21/2025 06:25:09 AM DEBUG:Predicting on batch 2445
11/21/2025 06:25:15 AM DEBUG:Predicting on batch 2446
11/21/2025 06:25:19 AM DEBUG:Predicting on batch 2447
11/21/2025 06:25:25 AM DEBUG:Predicting on batch 2448
11/21/2025 06:25:32 AM DEBUG:Predicting on batch 2449
11/21/2025 06:25:38 AM DEBUG:Predicting on batch 2450
11/21/2025 06:25:38 AM DEBUG:2450
11/21/2025 06:25:38 AM DEBUG:10 batches took 56.51702404022217 seconds
11/21/2025 06:25:44 AM DEBUG:Predicting on batch 2451
11/21/2025 06:25:51 AM DEBUG:Predicting on batch 2452
11/21/2025 06:25:57 AM DEBUG:Predicting on batch 2453
11/21/2025 06:26:01 AM DEBUG:Predicting on batch 2454
11/21/2025 06:26:05 AM DEBUG:Predicting on batch 2455
11/21/2025 06:26:09 AM DEBUG:Predicting on batch 2456
11/21/2025 06:26:15 AM DEBUG:Predicting on batch 2457
11/21/2025 06:26:22 AM DEBUG:Predicting on batch 2458
11/21/2025 06:26:28 AM DEBUG:Predicting on batch 2459
11/21/2025 06:26:34 AM DEBUG:Predicting on batch 2460
11/21/2025 06:26:34 AM DEBUG:2460
11/21/2025 06:26:34 AM DEBUG:10 batches took 56.303685426712036 seconds
11/21/2025 06:26:41 AM DEBUG:Predicting on batch 2461
11/21/2025 06:26:47 AM DEBUG:Predicting on batch 2462
11/21/2025 06:26:53 AM DEBUG:Predicting on batch 2463
11/21/2025 06:27:00 AM DEBUG:Predicting on batch 2464
11/21/2025 06:27:06 AM DEBUG:Predicting on batch 2465
11/21/2025 06:27:12 AM DEBUG:Predicting on batch 2466
11/21/2025 06:27:16 AM DEBUG:Predicting on batch 2467
11/21/2025 06:27:23 AM DEBUG:Predicting on batch 2468
11/21/2025 06:27:29 AM DEBUG:Predicting on batch 2469
11/21/2025 06:27:33 AM DEBUG:Predicting on batch 2470
11/21/2025 06:27:33 AM DEBUG:2470
11/21/2025 06:27:33 AM DEBUG:10 batches took 58.99566054344177 seconds
11/21/2025 06:27:37 AM DEBUG:Predicting on batch 2471
11/21/2025 06:27:44 AM DEBUG:Predicting on batch 2472
11/21/2025 06:27:48 AM DEBUG:Predicting on batch 2473
11/21/2025 06:27:54 AM DEBUG:Predicting on batch 2474
11/21/2025 06:28:00 AM DEBUG:Predicting on batch 2475
11/21/2025 06:28:07 AM DEBUG:Predicting on batch 2476
11/21/2025 06:28:13 AM DEBUG:Predicting on batch 2477
11/21/2025 06:28:17 AM DEBUG:Predicting on batch 2478
11/21/2025 06:28:23 AM DEBUG:Predicting on batch 2479
11/21/2025 06:28:30 AM DEBUG:Predicting on batch 2480
11/21/2025 06:28:30 AM DEBUG:2480
11/21/2025 06:28:30 AM DEBUG:10 batches took 56.615314960479736 seconds
11/21/2025 06:28:34 AM DEBUG:Predicting on batch 2481
11/21/2025 06:28:38 AM DEBUG:Predicting on batch 2482
11/21/2025 06:28:42 AM DEBUG:Predicting on batch 2483
11/21/2025 06:28:46 AM DEBUG:Predicting on batch 2484
11/21/2025 06:28:50 AM DEBUG:Predicting on batch 2485
11/21/2025 06:28:56 AM DEBUG:Predicting on batch 2486
11/21/2025 06:29:03 AM DEBUG:Predicting on batch 2487
11/21/2025 06:29:09 AM DEBUG:Predicting on batch 2488
11/21/2025 06:29:13 AM DEBUG:Predicting on batch 2489
11/21/2025 06:29:19 AM DEBUG:Predicting on batch 2490
11/21/2025 06:29:19 AM DEBUG:2490
11/21/2025 06:29:19 AM DEBUG:10 batches took 49.18240666389465 seconds
11/21/2025 06:29:25 AM DEBUG:Predicting on batch 2491
11/21/2025 06:29:32 AM DEBUG:Predicting on batch 2492
11/21/2025 06:29:38 AM DEBUG:Predicting on batch 2493
11/21/2025 06:29:42 AM DEBUG:Predicting on batch 2494
11/21/2025 06:29:49 AM DEBUG:Predicting on batch 2495
11/21/2025 06:29:55 AM DEBUG:Predicting on batch 2496
11/21/2025 06:29:59 AM DEBUG:Predicting on batch 2497
11/21/2025 06:30:03 AM DEBUG:Predicting on batch 2498
11/21/2025 06:30:09 AM DEBUG:Predicting on batch 2499
